Date,BusinessUnit,Revenue,COGS,MarketingExpense,PayrollExpense,OtherOpex,OperatingExpenses,TotalExpenses,OperatingProfit,AccountsReceivable,AccountsPayable,Inventory,CashAndEquivalents,TotalDebt,NetCashFlow,BudgetRevenue,BudgetExpenses
2020-01-01,Retail & E-commerce,537897.76,246658.13,59132.67,109585.21,29412.55,198130.43,444788.56,93109.19,397505.7,138527.33,141393.13,1274329.68,900000,74329.68,530000.0,397500.0
2020-02-01,Retail & E-commerce,547452.7,226944.32,48816.48,112023.68,32369.38,193209.54,420153.87,127298.83,455036.72,144424.87,103996.29,1419726.76,900000,145397.08,555273.29,416454.97
2020-03-01,Retail & E-commerce,551301.75,240635.27,65747.58,106556.51,30867.5,203171.6,443806.87,107494.87,456785.81,160860.57,98489.63,1544543.2,900000,124816.44,566740.16,425055.12
2020-04-01,Retail & E-commerce,551830.58,250938.69,56290.93,110317.2,29611.86,196219.99,447158.68,104671.9,454594.84,139742.16,146012.21,1595279.04,900000,50735.84,561956.56,421467.42
2020-05-01,Retail & E-commerce,546236.29,242385.16,48747.61,105713.56,43200.48,197661.66,440046.82,106189.47,488216.82,178855.96,140332.64,1668006.51,900000,72727.47,542834.94,407126.2
2020-06-01,Retail & E-commerce,513393.69,221321.03,48036.94,111091.0,38433.74,197561.68,418882.71,94510.98,405164.31,134161.91,112550.42,1691462.66,900000,23456.15,515181.08,386385.81
2020-07-01,Retail & E-commerce,477282.44,191123.82,57642.87,114232.52,33985.24,205860.62,396984.45,80297.99,421083.29,134599.73,79279.87,1767184.88,900000,75722.22,487175.84,365381.88
2020-08-01,Retail & E-commerce,471841.19,201226.98,39246.77,115728.75,27994.09,182969.61,384196.59,87644.6,368647.55,140038.13,106149.54,1878984.16,900000,111799.28,467198.22,350398.66
2020-09-01,Retail & E-commerce,466576.48,215027.74,50420.06,111272.85,34120.28,195813.18,410840.93,55735.56,384201.89,140745.67,104397.73,1901540.39,900000,22556.24,461568.88,346176.66
2020-10-01,Retail & E-commerce,474056.15,201544.25,49979.04,112718.73,36609.93,199307.71,400851.96,73204.19,361383.93,127391.4,111073.1,1960785.36,900000,59244.96,472821.41,354616.06
2020-11-01,Retail & E-commerce,486871.2,230959.92,58622.22,112519.5,33595.14,204736.86,435696.79,51174.41,446882.11,164151.16,101002.01,2034162.57,900000,73377.21,498973.71,374230.28
2020-12-01,Retail & E-commerce,522760.98,218636.84,52984.64,113452.27,38966.83,205403.75,424040.59,98720.39,478421.77,120554.26,109788.37,2126386.7,900000,92224.13,534008.04,400506.03
2021-01-01,Retail & E-commerce,563590.1,267949.21,54194.91,112440.4,36951.06,203586.37,471535.57,92054.53,493566.7,166858.92,159257.33,2271732.77,900000,145346.08,569444.81,427083.61
2021-02-01,Retail & E-commerce,562256.93,237715.06,46017.55,115181.14,38394.8,199593.49,437308.54,124948.39,464238.55,133190.74,108333.71,2442494.87,900000,170762.09,596599.05,447449.28
2021-03-01,Retail & E-commerce,608285.22,291278.62,56024.75,112169.58,42679.76,210874.1,502152.72,106132.51,541620.15,174046.99,158934.22,2504716.16,900000,62221.29,608919.32,456689.49
2021-04-01,Retail & E-commerce,614409.68,250201.87,74813.67,122663.42,36633.2,234110.28,484312.15,130097.54,458736.47,139651.43,129649.25,2673138.83,900000,168422.67,603779.71,452834.78
2021-05-01,Retail & E-commerce,556102.94,251143.78,49336.52,116715.67,39332.12,205384.31,456528.09,99574.86,443038.23,185179.86,107365.02,2765114.07,900000,91975.25,583234.98,437426.23
2021-06-01,Retail & E-commerce,567032.02,263884.1,61103.39,113236.82,37361.47,211701.68,475585.78,91446.24,431206.91,150049.92,152905.84,2876013.15,900000,110899.08,553523.01,415142.25
2021-07-01,Retail & E-commerce,504009.65,230874.95,62928.38,113388.99,38613.49,214930.86,445805.82,58203.84,451072.96,156627.03,96235.14,2859401.5,900000,-16611.65,523433.5,392575.12
2021-08-01,Retail & E-commerce,506382.45,202758.03,44582.12,115629.77,33655.2,193867.08,396625.11,109757.34,442058.62,137954.99,90197.69,2990876.16,900000,131474.66,501969.05,376476.79
2021-09-01,Retail & E-commerce,513157.91,231932.31,62841.92,115734.76,35781.67,214358.35,446290.65,66867.26,432118.55,131908.01,109829.96,3036283.39,900000,45407.23,495920.76,371940.57
2021-10-01,Retail & E-commerce,506835.7,238903.96,56541.04,119645.77,37426.95,213613.75,452517.72,54317.98,418473.6,158962.1,119094.47,3030580.66,900000,-5702.73,508010.75,381008.07
2021-11-01,Retail & E-commerce,518885.95,246593.64,66259.88,120496.77,40185.61,226942.26,473535.9,45350.05,411237.7,136388.8,144420.95,3021225.29,900000,-9355.37,536109.41,402082.06
2021-12-01,Retail & E-commerce,559175.67,261745.06,53594.81,114933.39,30802.07,199330.27,461075.33,98100.34,469260.4,192966.56,141134.5,3138588.83,900000,117363.54,573751.14,430313.35
2022-01-01,Retail & E-commerce,612893.67,288176.38,71732.11,116479.14,43460.58,231671.83,519848.22,93045.46,536662.58,179216.38,132191.8,3227725.12,900000,89136.29,611825.26,458868.95
2022-02-01,Retail & E-commerce,650904.81,301931.06,73225.62,131897.92,46252.65,251376.18,553307.24,97597.57,585129.68,219806.13,141182.67,3324111.31,900000,96386.19,641000.43,480750.33
2022-03-01,Retail & E-commerce,644711.35,281898.64,69069.37,121018.57,37777.66,227865.59,509764.24,134947.11,546527.17,156763.85,114865.14,3491854.28,900000,167742.97,654237.64,490678.23
2022-04-01,Retail & E-commerce,649966.5,300024.2,59011.14,117974.49,44644.06,221629.7,521653.9,128312.6,468844.8,168114.46,151893.53,3595238.57,900000,103384.29,648715.51,486536.64
2022-05-01,Retail & E-commerce,588570.59,272870.09,55055.84,122203.44,37179.5,214438.78,487308.87,101261.72,423543.69,151462.04,161683.63,3704479.08,900000,109240.52,626641.75,469981.32
2022-06-01,Retail & E-commerce,573303.34,236496.21,53037.52,121078.49,38111.37,212227.38,448723.59,124579.75,503732.4,161299.75,107839.14,3847754.42,900000,143275.34,594718.5,446038.87
2022-07-01,Retail & E-commerce,598193.96,259357.76,55265.08,125618.88,36297.92,217181.88,476539.64,121654.32,532070.51,143393.38,109763.97,3929925.98,900000,82171.55,562389.6,421792.2
2022-08-01,Retail & E-commerce,546508.61,239334.65,46394.05,125286.47,35385.6,207066.12,446400.77,100107.84,447245.12,139924.7,116501.01,3995017.46,900000,65091.49,539327.68,404495.76
2022-09-01,Retail & E-commerce,525795.2,226075.64,58517.32,123797.45,34226.16,216540.93,442616.57,83178.62,480641.2,154124.52,97797.36,4008357.59,900000,13340.13,532829.25,399621.94
2022-10-01,Retail & E-commerce,546962.01,259926.42,59495.09,122693.55,33717.53,215906.16,475832.58,71129.43,470836.96,166781.94,132334.61,4120457.04,900000,112099.45,545819.03,409364.27
2022-11-01,Retail & E-commerce,580864.53,235653.89,55733.24,122427.25,43765.97,221926.46,457580.35,123284.18,409984.63,167996.17,107545.59,4168275.14,900000,47818.1,576008.91,432006.68
2022-12-01,Retail & E-commerce,633088.9,290464.78,76080.85,125664.71,37011.03,238756.6,529221.38,103867.51,471245.98,203361.06,163057.33,4322762.1,900000,154486.97,616452.09,462339.07
2023-01-01,Retail & E-commerce,682556.42,291631.98,86369.23,123417.17,51705.27,261491.68,553123.66,129432.76,550992.65,204193.19,160662.56,4344317.83,900000,21555.73,657359.85,493019.89
2023-02-01,Retail & E-commerce,715679.1,304595.87,89299.69,125705.59,44140.26,259145.54,563741.41,151937.7,502914.44,222682.85,127399.46,4410644.64,900000,66326.8,688706.36,516529.77
2023-03-01,Retail & E-commerce,704974.17,317623.98,72205.06,127880.36,41449.89,241535.31,559159.29,145814.88,551406.92,217414.79,174844.03,4552009.53,900000,141364.89,702928.73,527196.55
2023-04-01,Retail & E-commerce,696739.55,281904.1,74883.09,123857.07,44065.93,242806.09,524710.18,172029.36,642342.34,174832.13,119361.97,4631988.71,900000,79979.19,696995.63,522746.72
2023-05-01,Retail & E-commerce,656671.53,267087.06,75549.05,127735.47,34267.02,320694.57,504638.59,152032.94,832430.34,184623.51,111180.26,4672442.43,900000,40453.71,673279.05,504959.28
2023-06-01,Retail & E-commerce,611221.02,284232.42,77846.59,123239.23,48640.99,337131.2,533959.24,77261.78,760164.8,177716.87,118439.69,4761693.92,900000,89251.49,638979.92,479234.94
2023-07-01,Retail & E-commerce,619792.07,253430.37,64849.62,127440.67,31200.71,301712.85,476921.38,142870.7,709061.48,142240.5,107394.56,4827412.97,900000,65719.05,604244.98,453183.73
2023-08-01,Retail & E-commerce,588495.02,280696.71,58110.07,132979.22,34468.96,225558.25,506254.95,82240.07,539738.08,166935.71,166353.36,4799783.95,900000,-27629.02,579466.7,434600.02
2023-09-01,Retail & E-commerce,576333.31,233935.84,62066.9,128880.95,45575.91,236523.75,470459.59,105873.72,478803.0,158112.49,126126.45,4874360.96,900000,74577.01,572484.63,429363.47
2023-10-01,Retail & E-commerce,601788.1,242903.17,56597.06,129857.03,47247.79,233701.89,476605.06,125183.04,555189.21,155732.84,127287.7,4976872.31,900000,102511.35,586441.16,439830.87
2023-11-01,Retail & E-commerce,579444.93,258833.7,48607.74,128195.25,45910.49,222713.48,481547.18,97897.76,548475.16,178500.09,131285.44,5013096.78,900000,36224.47,618877.9,464158.42
2023-12-01,Retail & E-commerce,644479.59,304757.75,78063.79,131715.45,50587.78,260367.02,565124.77,79354.82,568063.56,205005.37,147395.66,5099101.91,900000,86005.12,662331.02,496748.27
2024-01-01,Retail & E-commerce,731273.88,350267.09,64001.71,129301.03,49597.86,242900.6,593167.69,138106.19,581525.6,260592.72,199100.15,5267741.31,900000,168639.41,706283.31,529712.48
2024-02-01,Retail & E-commerce,704568.24,285004.93,86828.26,129380.98,52410.74,268619.98,553624.9,150943.34,669290.1,213561.99,145662.13,5398265.85,900000,130524.54,739962.75,554972.07
2024-03-01,Retail & E-commerce,745046.34,324872.64,64415.2,133519.9,58576.68,256511.78,581384.42,163661.93,634439.49,193535.91,173592.49,5569181.57,900000,170915.72,755243.62,566432.71
2024-04-01,Retail & E-commerce,756334.74,334016.04,89713.34,129879.84,49619.27,269212.44,603228.48,153106.25,690567.93,220577.97,171078.87,5765260.33,900000,196078.75,748868.95,561651.71
2024-05-01,Retail & E-commerce,737392.98,336491.87,66843.35,136706.84,39886.43,243436.62,579928.49,157464.49,518856.37,208664.5,174297.25,5889900.69,900000,124640.36,723387.28,542540.46
2024-06-01,Retail & E-commerce,680986.75,300396.3,81161.81,135230.94,42150.55,258543.29,558939.6,122047.16,582598.93,217028.14,177205.02,5908038.84,900000,18138.15,686535.47,514901.61
2024-07-01,Retail & E-commerce,616039.54,269043.48,79470.1,133390.75,39906.14,252767.0,521810.48,94229.07,481858.68,182056.39,120539.31,5961302.36,900000,53263.53,649215.41,486911.55
2024-08-01,Retail & E-commerce,629440.27,260934.72,61234.07,131218.56,48406.26,240858.88,501793.6,127646.67,515190.82,178351.89,113366.74,6065843.1,900000,104540.74,622593.02,466944.77
2024-09-01,Retail & E-commerce,605306.61,250694.29,51109.14,132142.12,32455.98,215707.24,466401.53,138905.08,493442.74,148227.2,118541.79,6173236.52,900000,107393.42,615091.32,461318.49
2024-10-01,Retail & E-commerce,616859.93,289854.02,77751.26,135646.95,31973.29,245371.5,535225.52,81634.4,474500.63,206155.85,159318.82,6221821.85,900000,48585.33,630086.55,472564.92
2024-11-01,Retail & E-commerce,659450.6,296396.92,64920.06,128585.26,42123.09,235628.42,532025.34,127425.26,584845.46,165192.86,133523.07,6326174.91,900000,104353.06,664937.37,498703.03
2024-12-01,Retail & E-commerce,777354.67,317606.72,79578.28,139337.52,51288.71,270204.51,587811.23,189543.44,591269.66,191786.39,151008.28,6432618.49,900000,106443.59,711624.46,533718.34
2020-01-01,Enterprise Solutions,831551.19,340587.54,103550.05,172755.36,56385.63,332691.04,673278.58,158272.61,723262.91,241079.53,170187.66,1261080.17,900000,61080.17,848000.0,636000.0
2020-02-01,Enterprise Solutions,931803.75,404899.26,80488.29,178567.13,54522.89,313578.31,718477.57,213326.18,736842.99,275000.88,208181.25,1366527.64,900000,105447.47,891086.68,668315.01
2020-03-01,Enterprise Solutions,873927.35,356686.98,76593.58,179594.84,50144.84,306333.26,663020.24,210907.11,646855.11,209487.04,163012.74,1453764.81,900000,87237.17,912200.58,684150.43
2020-04-01,Enterprise Solutions,908518.99,393235.86,117307.0,176373.77,48479.63,342160.41,735396.27,173122.72,726328.13,292525.83,225364.03,1684165.29,900000,230400.48,907198.42,680398.82
2020-05-01,Enterprise Solutions,892150.93,423191.86,96207.9,176899.84,59906.49,333014.23,756206.09,135944.84,686951.55,297884.16,185107.82,1771404.6,900000,87239.31,878942.61,659206.95
2020-06-01,Enterprise Solutions,795803.17,325632.27,87960.92,180947.85,46680.95,315589.73,641222.0,154581.17,672700.02,189150.84,161587.86,1950520.21,900000,179115.61,836653.86,627490.39
2020-07-01,Enterprise Solutions,773049.73,313139.25,100108.4,180626.27,46128.35,326863.03,640002.28,133047.45,697653.12,188174.19,167936.75,2091967.7,900000,141447.49,793532.72,595149.54
2020-08-01,Enterprise Solutions,706666.33,302389.21,89376.65,180370.86,52942.44,322689.96,625079.17,81587.16,665154.44,173831.29,165156.97,2245688.8,900000,153721.1,763261.68,572446.26
2020-09-01,Enterprise Solutions,758278.41,338160.21,92579.3,183281.43,41093.51,316954.24,655114.45,103163.96,681553.39,199624.58,146332.47,2245488.33,900000,-200.47,756313.74,567235.3
2020-10-01,Enterprise Solutions,783817.4,336027.57,97083.64,190966.91,48419.03,336469.58,672497.15,111320.26,708688.4,214327.45,159743.77,2348615.61,900000,103127.29,777062.21,582796.66
2020-11-01,Enterprise Solutions,822942.34,344464.75,102850.29,190767.62,50624.73,344242.63,688707.38,134234.96,687887.8,251905.15,180791.5,2350429.63,900000,1814.02,822487.87,616865.9
2020-12-01,Enterprise Solutions,843700.35,346880.45,100992.0,190172.55,57879.69,349044.23,695924.69,147775.67,703110.58,252799.02,193461.97,2434296.08,900000,83866.45,882861.98,662146.49
2021-01-01,Enterprise Solutions,967777.7,389707.23,104998.54,185181.44,70525.6,360705.59,750412.82,217364.88,889572.94,241001.33,219892.88,2507670.68,900000,73374.59,944256.2,708192.15
2021-02-01,Enterprise Solutions,984200.27,456455.98,86113.46,185827.25,55978.89,327919.6,784375.58,199824.7,866650.49,316783.78,241113.52,2711044.77,900000,203374.09,992233.64,744175.23
2021-03-01,Enterprise Solutions,992165.01,411280.0,124439.84,186048.9,66972.88,377461.62,788741.62,203423.39,793943.2,264206.75,242431.74,2805589.97,900000,94545.2,1015744.17,761808.13
2021-04-01,Enterprise Solutions,1084293.29,435288.26,134025.37,191195.36,84535.35,409756.08,845044.33,239248.96,912197.83,300057.33,254425.93,3100734.85,900000,295144.88,1010174.22,757630.67
2021-05-01,Enterprise Solutions,1033969.84,448671.0,120790.64,195874.31,80681.71,397346.67,846017.67,187952.17,963031.37,287224.76,189629.73,3315394.14,900000,214659.29,978711.1,734033.32
2021-06-01,Enterprise Solutions,933179.6,417413.14,93271.43,196156.55,48192.05,337620.04,755033.17,178146.43,731425.53,296601.54,167351.95,3446215.28,900000,130821.15,931622.17,698716.62
2021-07-01,Enterprise Solutions,905427.12,387258.13,88141.21,194135.45,65303.97,347580.63,734838.76,170588.36,736161.58,230387.98,189945.43,3560538.2,900000,114322.92,883606.36,662704.77
2021-08-01,Enterprise Solutions,781136.8,369624.31,76644.9,194799.76,52662.41,324107.07,693731.38,87405.43,670266.99,204261.37,196901.63,3527951.64,900000,-32586.56,849899.26,637424.45
2021-09-01,Enterprise Solutions,835369.22,339851.57,108467.44,192695.86,54354.01,355517.31,695368.88,140000.34,709100.04,191477.57,186915.68,3553581.37,900000,25629.73,842162.66,631622.0
2021-10-01,Enterprise Solutions,850375.18,342636.55,88101.71,195433.35,56928.57,340463.63,683100.17,167275.0,609231.87,241594.92,168117.28,3705633.04,900000,152051.67,865266.29,648949.72
2021-11-01,Enterprise Solutions,950084.95,391833.29,84649.15,191917.95,72067.33,348634.44,740467.74,209617.21,889781.98,244763.32,177950.67,3923756.97,900000,218123.93,915848.2,686886.15
2021-12-01,Enterprise Solutions,1010670.63,406459.06,92070.69,203022.74,57539.75,352633.17,759092.23,251578.4,877235.01,225154.79,171046.8,4241004.56,900000,317247.59,983075.36,737306.52
2022-01-01,Enterprise Solutions,1012888.66,413213.31,93346.41,202422.79,72591.71,368360.91,781574.22,231314.44,925703.37,295878.9,198109.63,4509850.72,900000,268846.17,1051438.42,788578.81
2022-02-01,Enterprise Solutions,1124520.61,450977.92,94769.45,200436.69,63239.2,358445.34,809423.26,315097.35,794623.43,264402.53,232978.94,4723610.04,900000,213759.31,1104861.76,828646.32
2022-03-01,Enterprise Solutions,1113304.32,468427.11,110200.01,205599.73,75380.55,391180.29,859607.39,253696.93,853922.13,316108.56,225726.75,4962956.72,900000,239346.68,1131040.96,848280.72
2022-04-01,Enterprise Solutions,1131959.59,521933.51,98486.89,203255.8,86090.1,387832.79,909766.3,222193.29,930309.82,380442.79,292267.65,5199531.33,900000,236574.61,1124838.77,843629.08
2022-05-01,Enterprise Solutions,1099867.58,495686.41,102171.52,199514.59,59591.58,361277.68,856964.09,242903.49,999485.49,370218.48,250390.06,5365912.35,900000,166381.02,1089804.27,817353.21
2022-06-01,Enterprise Solutions,1043465.22,440263.45,112390.49,202815.06,72565.3,387770.84,828034.3,215430.92,946877.33,260320.85,177073.59,5424407.05,900000,58494.7,1037370.3,778027.72
2022-07-01,Enterprise Solutions,991461.49,444215.74,112284.83,209809.3,54789.29,376883.42,821099.17,170362.33,920674.1,281523.55,211725.53,5625272.9,900000,200865.85,983904.23,737928.17
2022-08-01,Enterprise Solutions,961067.98,390793.2,105868.95,205801.05,55127.31,366797.31,757590.51,203477.47,766282.47,237500.17,184116.18,5864795.13,900000,239522.23,946371.05,709778.29
2022-09-01,Enterprise Solutions,911047.13,412789.71,115558.57,216998.51,65574.59,398131.67,810921.38,100125.76,686688.2,229608.76,186767.86,6011529.42,900000,146734.29,937756.27,703317.21
2022-10-01,Enterprise Solutions,1037480.28,442733.83,122988.73,209942.33,55191.82,388122.88,830856.71,206623.57,745724.69,307982.36,220967.68,6234265.52,900000,222736.1,963482.39,722611.79
2022-11-01,Enterprise Solutions,1041458.92,483188.27,119491.61,209678.35,60575.79,389745.74,872934.02,168524.91,882696.49,300637.22,202125.59,6507018.82,900000,272753.31,1019805.84,764854.38
2022-12-01,Enterprise Solutions,1092219.54,453064.28,116971.3,214369.14,83214.43,414554.88,867619.16,224600.38,964491.26,322270.16,240919.95,6695255.02,900000,188236.2,1094663.92,820997.94
2023-01-01,Enterprise Solutions,1168322.38,488004.47,151161.52,208671.78,91505.09,451338.39,939342.86,228979.52,829341.47,337267.22,285506.85,6805090.22,900000,109835.2,1170786.85,878090.14
2023-02-01,Enterprise Solutions,1190374.38,564179.96,153026.09,217967.86,93239.64,464233.59,1028413.55,161960.83,974385.18,407568.41,320967.55,6839435.87,900000,34345.65,1230274.26,922705.7
2023-03-01,Enterprise Solutions,1263056.76,528463.84,108658.68,214581.54,66068.73,389308.95,917772.79,345283.97,1104002.79,326577.44,287988.14,7060143.63,900000,220707.75,1259425.05,944568.79
2023-04-01,Enterprise Solutions,1306889.86,556081.9,145449.74,217724.26,100080.75,463254.76,1019336.66,287553.21,1116039.24,331753.95,225146.53,7477769.6,900000,417625.97,1252518.85,939389.14
2023-05-01,Enterprise Solutions,1216503.17,577991.57,145906.37,221503.56,97244.86,464654.79,1042646.37,173856.8,958212.73,406581.04,277659.17,7592029.66,900000,114260.06,1213507.6,910130.7
2023-06-01,Enterprise Solutions,1139683.57,494290.52,133205.21,223846.13,65148.09,422199.43,916489.95,223193.62,829254.88,306917.06,226112.11,7771344.37,900000,179314.7,1155121.86,866341.4
2023-07-01,Enterprise Solutions,1094446.87,471428.76,124747.64,221373.85,61888.36,408009.85,879438.61,215008.26,1026033.32,333426.95,197001.69,7885563.86,900000,114219.5,1095586.88,821690.16
2023-08-01,Enterprise Solutions,1052229.59,472527.8,92966.27,223887.29,83899.59,400753.15,873280.95,178948.64,797503.66,348983.69,250406.34,8054743.72,900000,169179.86,1053793.32,790344.99
2023-09-01,Enterprise Solutions,1024222.83,427755.29,91485.54,221467.9,75165.19,388118.63,815873.92,208348.91,806607.55,240213.91,254009.87,8258546.0,900000,203802.28,1044200.68,783150.51
2023-10-01,Enterprise Solutions,1118566.47,509710.21,98092.46,222553.18,83305.23,403950.87,913661.08,204905.39,845759.45,303157.04,258624.35,8440180.74,900000,181634.74,1072846.96,804635.22
2023-11-01,Enterprise Solutions,1114687.85,525129.27,142437.68,224313.35,84564.49,451315.52,976444.79,138243.06,1005870.93,357638.45,267905.98,8468432.92,900000,28252.17,1135563.66,851672.75
2023-12-01,Enterprise Solutions,1168480.52,535016.39,122449.5,224501.23,61265.05,408215.79,943232.18,225248.34,882256.31,367369.94,222152.81,8741600.42,900000,273167.5,1218918.87,914189.15
2024-01-01,Enterprise Solutions,1051884.01,653534.8,136591.29,226325.56,98653.37,461570.23,1115105.03,287406.98,1180119.88,394346.59,376256.98,8689730.79,900000,-51869.63,1303682.49,977761.87
2024-02-01,Enterprise Solutions,1052731.65,639776.91,160025.09,230670.75,96231.38,486927.22,1126704.13,276938.07,1246685.75,372171.68,368622.92,8749139.47,900000,59408.68,1369922.29,1027441.72
2024-03-01,Enterprise Solutions,1395351.07,595549.11,163500.84,230826.47,76497.05,470824.36,1066373.47,328977.61,1262083.54,426667.36,298664.03,8931320.4,900000,182180.92,1402381.98,1051786.48
2024-04-01,Enterprise Solutions,1402687.59,631973.99,130436.17,231769.73,96813.74,459019.64,1090993.63,311693.96,1171239.01,446154.1,266311.39,9266629.7,900000,335309.3,1394691.86,1046018.89
2024-05-01,Enterprise Solutions,1347389.41,607146.81,170581.39,233718.29,71513.09,475812.77,1082959.57,264429.83,1258875.52,417460.27,251096.13,9403311.84,900000,136682.14,1351252.46,1013439.34
2024-06-01,Enterprise Solutions,1291370.29,552281.17,143401.22,232038.42,66340.61,441780.25,994061.41,297308.88,1185328.39,411282.57,327931.06,9780539.88,900000,377228.04,1286239.37,964679.53
2024-07-01,Enterprise Solutions,1277242.26,580715.6,130655.67,235205.88,74346.74,440208.29,1020923.89,256318.37,1212461.97,368891.61,284711.74,9867445.75,900000,86905.86,1219946.59,914959.94
2024-08-01,Enterprise Solutions,1137459.34,462480.14,129698.76,238799.38,79207.36,447705.5,910185.65,227273.7,873926.94,342315.18,198964.31,9984641.91,900000,117196.16,1173409.06,880056.79
2024-09-01,Enterprise Solutions,1227141.64,529889.03,114996.38,234742.1,97581.48,447319.95,977208.98,249932.66,984576.85,386193.64,236325.69,10195962.47,900000,211320.57,1162727.56,872045.67
2024-10-01,Enterprise Solutions,1149771.84,539413.92,119185.92,243568.59,90884.64,453639.14,993053.06,156718.78,858168.29,390387.14,299547.0,10330960.44,900000,134997.97,1194625.47,895969.1
2024-11-01,Enterprise Solutions,1288842.06,529069.14,105203.42,244516.63,100046.93,449766.98,978836.12,310005.95,1100880.66,375272.69,262579.38,10557381.58,900000,226421.14,1264461.13,948345.84
2024-12-01,Enterprise Solutions,1329736.38,553226.16,139063.47,247230.85,69048.25,455342.57,1008568.72,321167.66,1124282.6,334037.22,309536.57,10793617.45,900000,236235.87,1357277.95,1017958.47
2020-01-01,Cloud Services,679650.83,304484.69,64283.5,135728.36,48152.89,248164.76,552649.44,127001.38,621901.3,214957.12,0.0,1245871.31,900000,45871.31,689000.0,516750.0
2020-02-01,Cloud Services,720424.16,345034.91,62766.79,142819.73,46803.54,252390.07,597424.98,122999.18,615630.49,238244.19,0.0,1400310.66,900000,154439.34,726160.58,544620.44
2020-03-01,Cloud Services,750237.79,305368.78,73171.7,138941.41,38259.2,250372.31,555741.09,194496.71,539904.6,192194.42,0.0,1510448.61,900000,110137.96,745576.83,559182.62
2020-04-01,Cloud Services,765755.76,318563.6,67673.0,147981.02,40689.99,256344.01,574907.61,190848.15,657866.56,220221.47,0.0,1568026.28,900000,57577.67,743693.0,557769.75
2020-05-01,Cloud Services,723964.87,330652.74,89444.74,145222.28,51707.46,286374.48,617027.22,106937.65,651881.15,204307.03,0.0,1738637.91,900000,170611.63,722672.07,542004.05
2020-06-01,Cloud Services,692317.96,322193.58,71042.84,151073.1,47982.71,270098.65,592292.23,100025.73,575732.08,224349.16,0.0,1799986.04,900000,61348.13,689947.3,517460.47
2020-07-01,Cloud Services,643506.65,302282.54,58533.82,147838.21,51014.61,257386.63,559669.18,83837.48,504653.33,177265.61,0.0,1889600.92,900000,89614.88,656333.07,492249.8
2020-08-01,Cloud Services,689493.72,315468.3,63035.4,150074.87,55083.67,268193.94,583662.23,105831.48,650674.04,214538.99,0.0,1918337.69,900000,28736.77,633172.8,474879.6
2020-09-01,Cloud Services,624415.68,293139.31,72656.04,146441.63,45133.51,264231.19,557370.49,67045.18,503512.15,181508.05,0.0,1911221.05,900000,-7116.64,629274.49,471955.87
2020-10-01,Cloud Services,618077.04,283092.03,64486.11,158543.02,47099.14,270128.26,553220.29,64856.75,571829.71,179577.78,0.0,1923753.42,900000,12532.38,648460.13,486345.09
2020-11-01,Cloud Services,718902.57,329723.98,62241.42,157776.35,51383.38,271401.15,601125.13,117777.44,666608.25,193197.35,0.0,1940372.59,900000,16619.17,688408.68,516306.51
2020-12-01,Cloud Services,748337.27,328806.1,69117.59,153867.79,56965.3,279950.68,608756.78,139580.49,607145.72,214698.37,0.0,2028199.29,900000,87826.69,741137.85,555853.39
2021-01-01,Cloud Services,786388.82,375542.33,73060.77,152497.39,54812.95,280371.11,655913.44,130475.38,614403.63,264642.66,0.0,2031473.41,900000,3274.12,795033.4,596275.05
2021-02-01,Cloud Services,798801.57,324217.37,70684.27,156161.38,52395.97,279241.61,603458.99,195342.58,626460.77,232067.23,0.0,2213667.05,900000,182193.64,837912.79,628434.59
2021-03-01,Cloud Services,899050.98,371634.73,79458.99,160659.48,45941.63,286060.1,657694.83,241356.15,794851.42,253737.66,0.0,2387997.52,900000,174330.48,860317.1,645237.82
2021-04-01,Cloud Services,867479.67,407248.48,78326.53,163143.41,46286.62,287756.56,695005.05,172474.63,665736.35,228636.37,0.0,2494364.61,900000,106367.08,858143.36,643607.52
2021-05-01,Cloud Services,852215.6,362440.89,89790.92,160151.63,43673.65,293616.2,656057.09,196158.51,628156.02,270861.51,0.0,2792308.19,900000,297943.59,833887.42,625415.56
2021-06-01,Cloud Services,799454.51,375290.7,82133.55,162906.22,52338.59,297378.36,672669.06,126785.45,657320.81,256463.48,0.0,2885746.99,900000,93438.8,796126.48,597094.86
2021-07-01,Cloud Services,782517.31,325643.23,88950.01,159592.04,61895.05,310437.11,636080.34,146436.97,566131.85,222909.44,0.0,2965031.61,900000,79284.62,757339.2,568004.4
2021-08-01,Cloud Services,742608.81,346834.87,94482.65,161131.81,52352.02,307966.47,654801.34,87807.47,612127.76,233617.37,0.0,3079933.79,900000,114902.18,730614.69,547961.02
2021-09-01,Cloud Services,750198.67,313023.41,84730.64,168624.34,46374.23,299729.21,612752.62,137446.06,647277.6,178836.1,0.0,3172969.23,900000,93035.45,726116.46,544587.34
2021-10-01,Cloud Services,770817.73,356573.22,83518.73,165494.56,55617.18,304630.47,661203.69,109614.04,708866.25,224936.39,0.0,3217285.29,900000,44316.06,748254.65,561190.99
2021-11-01,Cloud Services,808587.43,375043.14,82297.35,169552.23,60268.09,312117.67,687160.81,121426.62,590311.09,247115.11,0.0,3253614.76,900000,36329.46,794351.07,595763.3
2021-12-01,Cloud Services,822406.23,374719.02,81770.13,163723.12,52190.56,297683.81,672402.83,150003.4,624523.8,234068.37,0.0,3377496.52,900000,123881.77,855194.98,641396.24
2022-01-01,Cloud Services,962575.55,432734.72,99313.45,172898.11,59095.95,331307.5,764042.23,198533.33,881558.85,282929.04,0.0,3597358.75,900000,219862.22,917384.76,688038.57
2022-02-01,Cloud Services,933310.67,403102.31,101738.91,166493.32,61606.04,329838.27,732940.58,200370.09,795158.54,283371.51,0.0,3803828.71,900000,206469.96,966863.07,725147.3
2022-03-01,Cloud Services,1015317.27,425903.85,128287.09,173167.14,52601.58,354055.81,779959.67,235357.61,947909.35,264198.61,0.0,3928635.5,900000,124806.79,992715.27,744536.46
2022-04-01,Cloud Services,964345.59,409444.94,115867.37,170611.48,63815.41,350294.27,759739.2,204606.39,750093.97,275174.33,0.0,4171618.85,900000,242983.35,990207.01,742655.26
2022-05-01,Cloud Services,933857.19,387076.29,106511.92,174140.06,51775.98,332427.96,719504.25,214352.94,776306.94,267782.96,0.0,4276577.67,900000,104958.81,962218.21,721663.66
2022-06-01,Cloud Services,957157.95,424995.48,78650.27,175847.19,66038.67,320536.13,745531.61,211626.34,897671.38,284883.97,0.0,4477121.52,900000,200543.86,918646.07,688984.55
2022-07-01,Cloud Services,855485.73,384009.13,86020.31,175351.64,64328.97,325700.92,709710.05,145775.68,791329.25,238348.43,0.0,4522981.2,900000,45859.68,873889.63,655417.22
2022-08-01,Cloud Services,863359.01,374610.66,97885.48,176935.85,45642.39,320463.72,695074.38,168284.62,739004.95,239883.26,0.0,4715042.8,900000,192061.6,843052.36,632289.27
2022-09-01,Cloud Services,853792.4,356321.02,72389.41,181144.64,43295.09,296829.14,653150.16,200642.24,734682.28,239240.64,0.0,4923559.97,900000,208517.17,837861.87,628396.41
2022-10-01,Cloud Services,901211.13,396299.8,116607.06,176142.61,48749.39,341499.05,737798.85,163412.28,787465.79,250011.18,0.0,5023333.69,900000,99773.73,863407.02,647555.27
2022-11-01,Cloud Services,932243.28,393344.07,78281.37,187388.36,49007.79,314677.53,708021.6,224221.69,860971.16,231433.21,0.0,5214741.6,900000,191407.9,916597.43,687448.07
2022-12-01,Cloud Services,969440.16,428031.86,80832.53,183224.59,71748.94,335806.06,763837.92,205602.25,735250.58,281645.98,0.0,5447373.69,900000,232632.09,986804.89,740103.67
2023-01-01,Cloud Services,995250.36,424613.77,112935.39,186262.85,79445.04,378643.28,803257.05,191993.32,861349.18,280906.08,0.0,5659789.24,900000,212415.55,1058565.34,793924.01
2023-02-01,Cloud Services,1118885.7,533272.14,99318.05,184431.03,79105.38,362854.47,896126.61,222759.1,839425.45,350448.07,0.0,5765423.71,900000,105634.47,1115658.09,836743.57
2023-03-01,Cloud Services,1120212.58,507672.43,134170.66,191524.58,87169.72,412864.96,920537.39,199675.19,849861.06,319764.17,0.0,5786225.7,900000,20801.98,1145488.82,859116.61
2023-04-01,Cloud Services,1145096.71,535175.45,121435.1,191508.81,78676.81,391620.73,926796.18,218300.53,827081.72,375186.93,0.0,5839850.75,900000,53625.06,1142594.54,856945.91
2023-05-01,Cloud Services,1133884.78,456834.05,107896.41,193400.7,65644.42,366941.53,823775.58,310109.2,895807.64,259266.36,0.0,6206303.92,900000,366453.17,1110298.42,832723.82
2023-06-01,Cloud Services,1033050.69,450178.91,113666.27,187099.36,67634.22,368399.86,818578.76,214471.93,960580.11,292342.89,0.0,6448122.27,900000,241818.35,1060020.76,795015.57
2023-07-01,Cloud Services,1010851.99,435121.1,125243.26,192987.44,76866.9,395097.61,830218.71,180633.28,911264.22,308068.39,0.0,6611669.61,900000,163547.35,1008376.55,756282.41
2023-08-01,Cloud Services,938125.77,427406.43,91284.32,193616.71,74363.64,359264.67,786671.1,151454.68,807016.15,305380.23,0.0,6624219.21,900000,12549.6,972793.59,729595.19
2023-09-01,Cloud Services,966078.43,433286.4,114229.59,198530.72,53371.16,366131.46,799417.87,166660.56,797634.46,272854.57,0.0,6710119.51,900000,85900.3,966804.31,725103.23
2023-10-01,Cloud Services,1011456.8,439578.95,96685.97,197651.15,65931.06,360268.18,799847.13,211609.67,819156.53,251058.02,0.0,6953709.37,900000,243589.86,996280.72,747210.54
2023-11-01,Cloud Services,1106227.12,455944.77,91891.5,202567.39,81222.35,375681.23,831626.0,274601.12,901519.91,256073.52,0.0,7358440.87,900000,404731.5,1057656.85,793242.64
2023-12-01,Cloud Services,1119414.57,458636.23,106527.7,199110.47,59364.09,365002.26,823638.49,295776.08,977294.07,257963.78,0.0,7559581.84,900000,201140.97,1138668.86,854001.65
2024-01-01,Cloud Services,1237484.1,525312.36,137601.79,205357.67,81440.37,424399.83,949712.19,287771.92,998056.73,302654.55,0.0,7912059.19,900000,352477.35,1221472.86,916104.65
2024-02-01,Cloud Services,1267767.09,549108.44,153877.63,199725.47,91289.92,444893.02,994001.46,273765.63,1131261.82,303221.11,0.0,8128808.65,900000,216749.46,1287351.88,965513.91
2024-03-01,Cloud Services,1300113.05,575722.31,117998.38,205877.32,65478.4,389354.11,965076.42,335036.63,988476.42,429013.73,0.0,8434844.01,900000,306035.37,1321773.39,991330.04
2024-04-01,Cloud Services,1279113.81,567717.73,131389.12,206082.95,96356.55,433828.62,1001546.35,277567.46,926744.36,367681.38,0.0,8610308.2,900000,175464.19,1318433.7,988825.27
2024-05-01,Cloud Services,1274520.19,548134.25,127100.01,212795.35,81293.24,421188.6,969322.86,305197.34,1142293.99,399270.27,0.0,8950363.95,900000,340055.75,1281167.38,960875.53
2024-06-01,Cloud Services,1265069.43,550315.64,117314.36,205792.91,95166.3,418273.57,968589.21,296480.22,897701.6,401924.35,0.0,9178124.91,900000,227760.96,1223152.25,917364.19
2024-07-01,Cloud Services,1189464.46,536369.46,131669.77,211559.18,61851.63,405080.57,941450.03,248014.42,986782.1,311112.42,0.0,9444960.22,900000,266835.31,1163560.27,872670.21
2024-08-01,Cloud Services,1114790.29,453478.14,129110.74,212448.19,58150.28,399709.21,853187.35,261602.93,800212.28,250511.16,0.0,9743538.12,900000,298577.9,1122501.3,841875.97
2024-09-01,Cloud Services,1070505.07,458150.75,127103.93,210790.9,74765.27,412660.1,870810.86,199694.21,798916.75,267936.58,0.0,9804554.45,900000,61016.33,1115590.3,836692.72
2024-10-01,Cloud Services,1122643.2,450938.38,94423.93,217883.2,88729.0,401036.14,851974.51,270668.68,868770.0,317390.55,0.0,10083468.54,900000,278914.09,1149602.97,862202.23
2024-11-01,Cloud Services,1208610.36,542909.03,143500.35,216041.69,83777.4,443319.43,986228.46,222381.9,1006259.41,303155.1,0.0,10339129.64,900000,255661.1,1220424.55,915318.41
2024-12-01,Cloud Services,1371280.17,630577.5,165360.6,223752.92,95570.49,484684.01,1115261.51,256018.65,1003809.91,389478.4,0.0,10717939.19,900000,378809.55,1313903.88,985427.91
