Date,BusinessUnit,Revenue,COGS,OperatingExpenses,TotalExpenses,OperatingProfit,AccountsReceivable,AccountsPayable,CashAndEquivalents,TotalDebt,NetCashFlow,BudgetRevenue,BudgetExpenses,GrossMarginPct,OperatingMarginPct,ReceivablesToRevenueRatio,CashBufferRatio,DebtToCashRatio,Revenue_Lag1,Revenue_Lag2,Expenses_Lag1,OperatingProfit_Lag1,OperatingMargin_Lag1,RevenueGrowthMoM,ExpenseGrowthMoM,OperatingProfitGrowthMoM,Rolling3M_AvgRev,Rolling3M_AvgExp,Target_NextPeriodHighRisk,AnomalyRaw,IsAnomaly,AnomalyScore,AnomalyReason,Actual_Revenue,Forecast_Revenue,Baseline_Revenue,Variance_Revenue,VariancePct_Revenue,Actual_TotalExpenses,Forecast_TotalExpenses,Baseline_TotalExpenses,Variance_TotalExpenses,VariancePct_TotalExpenses,Actual_OperatingProfit,Forecast_OperatingProfit,Baseline_OperatingProfit,Variance_OperatingProfit,VariancePct_OperatingProfit,Predicted_RiskProbPct,Predicted_RiskCategory,TopRiskDriver
2020-04-01,Cloud Services,765755.76,318563.6,256344.01,574907.61,190848.15,657866.56,220221.47,1568026.28,900000,57577.67,743693.0,557769.75,58.398798071071646,24.922848768385364,0.8591075566966679,2.727440466477736,0.5739699719828675,750237.79,720424.16,555741.09,194496.71,25.92467516199097,2.068406871373396,3.4488218245658286,-1.8758980550365068,716770.9266666668,568605.1699999999,1,1,0,-0.0896,Normal,,,,,,,,,,,,,,,,,Historical Record,N/A
2020-04-01,Enterprise Solutions,908518.99,393235.86,342160.41,735396.27,173122.72,726328.13,292525.83,1684165.29,900000,230400.48,907198.42,680398.82,56.71682547879379,19.05548721661833,0.7994638945301518,2.2901466307410017,0.5343893531970368,873927.35,931803.75,663020.24,210907.11,24.133254326003183,3.958182565175461,10.916111701205388,-17.915180763702075,879094.0966666667,684925.4633333333,1,1,0,-0.0571,Normal,,,,,,,,,,,,,,,,,Historical Record,N/A
2020-04-01,Retail & E-commerce,551830.58,250938.69,196219.99,447158.68,104671.9,454594.84,139742.16,1595279.04,900000,50735.84,561956.56,421467.42,54.52613553964334,18.96812242627076,0.8237942159711411,3.567590458045005,0.5641646241399875,551301.75,547452.7,443806.87,107494.87,19.498372715123796,0.0959238747201496,0.7552406748458029,-2.6261439266822677,545550.7366666667,436249.76666666666,0,1,0,-0.1549,Normal,,,,,,,,,,,,,,,,,Historical Record,N/A
2020-05-01,Cloud Services,723964.87,330652.74,286374.48,617027.22,106937.65,651881.15,204307.03,1738637.91,900000,170611.63,722672.07,542004.05,54.32751591938432,14.771110371695244,0.9004320195812816,2.817765332945928,0.5176465984225549,765755.76,750237.79,574907.61,190848.15,24.922848768385364,-5.457469885698285,7.326326746657608,-43.96715399127527,745472.57,576024.5599999999,1,1,0,-0.0862,Normal,,,,,,,,,,,,,,,,,Historical Record,N/A
2020-05-01,Enterprise Solutions,892150.93,423191.86,333014.23,756206.09,135944.84,686951.55,297884.16,1771404.6,900000,87239.31,878942.61,659206.95,52.56499256241318,15.237874604916904,0.769994769831154,2.34248920158789,0.5080713914822169,908518.99,873927.35,735396.27,173122.72,19.05548721661833,-1.8016200189717504,2.829742391812773,-21.47487054269942,904750.03,705631.36,0,1,0,-0.0909,Normal,,,,,,,,,,,,,,,,,Historical Record,N/A
2020-05-01,Retail & E-commerce,546236.29,242385.16,197661.66,440046.82,106189.47,488216.82,178855.96,1668006.51,900000,72727.47,542834.94,407126.2,55.62631695525027,19.440207826543343,0.8937832014053845,3.7905205405188473,0.5395662394626985,551830.58,551301.75,447158.68,104671.9,18.96812242627076,-1.0137694797558885,-1.590455540301705,1.4498351515545238,550195.0099999999,437039.8066666666,0,1,0,-0.1404,Normal,,,,,,,,,,,,,,,,,Historical Record,N/A
2020-06-01,Cloud Services,692317.96,322193.58,270098.65,592292.23,100025.73,575732.08,224349.16,1799986.04,900000,61348.13,689947.3,517460.47,53.46161754925439,14.447946720896857,0.8316006708824945,3.0390168042555614,0.5000038778078523,723964.87,765755.76,617027.22,106937.65,14.771110371695244,-4.371332271965079,-4.008735627578952,-6.463504668374509,746652.8066666666,582558.64,1,1,0,-0.1013,Normal,,,,,,,,,,,,,,,,,Historical Record,N/A
2020-06-01,Enterprise Solutions,795803.17,325632.27,315589.73,641222.0,154581.17,672700.02,189150.84,1950520.21,900000,179115.61,836653.86,627490.39,59.08130524285296,19.42454815805773,0.845309550601564,3.04187973899835,0.4614153677495092,892150.93,908518.99,756206.09,135944.84,15.237874604916904,-10.799491068176104,-15.205390636301274,13.708743928787603,891532.4233333333,718207.5333333333,1,-1,1,0.0204,Multivariate Outlier,,,,,,,,,,,,,,,,,Historical Record,N/A
2020-06-01,Retail & E-commerce,513393.69,221321.03,197561.68,418882.71,94510.98,405164.31,134161.91,1691462.66,900000,23456.15,515181.08,386385.81,56.89058235211267,18.409065370476213,0.789188332252389,4.038034083574373,0.5320838711272527,546236.29,551830.58,440046.82,106189.47,19.440207826543343,-6.012526190817535,-4.8095132240701055,-10.997785373634503,549789.54,443670.79,1,1,0,-0.132,Normal,,,,,,,,,,,,,,,,,Historical Record,N/A
2020-07-01,Cloud Services,643506.65,302282.54,257386.63,559669.18,83837.48,504653.33,177265.61,1889600.92,900000,89614.88,656333.07,492249.8,53.02573174651732,13.0282227852657,0.7842239547951836,3.3762818956727254,0.4762910466830213,692317.96,723964.87,592292.23,100025.73,14.447946720896857,-7.050417990022961,-5.507931447961079,-16.184085834714722,727346.1966666667,594742.3533333334,1,1,0,-0.0868,Normal,,,,,,,,,,,,,,,,,Historical Record,N/A
2020-07-01,Enterprise Solutions,773049.73,313139.25,326863.03,640002.28,133047.45,697653.12,188174.19,2091967.7,900000,141447.49,793532.72,595149.54,59.49300053438994,17.21072329978047,0.9024686160876092,3.268687886549404,0.430216967499068,795803.17,892150.93,641222.0,154581.17,19.42454815805773,-2.859179362153086,-0.190218052406188,-13.93036422224,865491.0299999999,710941.4533333333,1,1,0,-0.1167,Normal,,,,,,,,,,,,,,,,,Historical Record,N/A
2020-07-01,Retail & E-commerce,477282.44,191123.82,205860.62,396984.45,80297.99,421083.29,134599.73,1767184.88,900000,75722.22,487175.84,365381.88,59.95582406090616,16.82399838552619,0.8822517962320172,4.451521665395206,0.5092845746846816,513393.69,546236.29,418882.71,94510.98,18.409065370476213,-7.033832067550339,-5.22777843945863,-15.038453733100631,537153.52,435362.7366666666,0,1,0,-0.119,Normal,,,,,,,,,,,,,,,,,Historical Record,N/A
2020-08-01,Cloud Services,689493.72,315468.3,268193.94,583662.23,105831.48,650674.04,214538.99,1918337.69,900000,28736.77,633172.8,474879.6,54.24638530427804,15.349157929966353,0.9436982834303408,3.2867257660308087,0.4691561890753447,643506.65,692317.96,559669.18,83837.48,13.0282227852657,7.146323973497393,4.287005762940166,26.234090051370828,686596.4933333333,589662.8766666666,1,1,0,-0.0836,Normal,,,,,,,,,,,,,,,,,Historical Record,N/A
2020-08-01,Enterprise Solutions,706666.33,302389.21,322689.96,625079.17,81587.16,665154.44,173831.29,2245688.8,900000,153721.1,763261.68,572446.26,57.20905367035104,11.54535833057166,0.9412567314477824,3.592646992220201,0.4007679069334985,773049.73,795803.17,640002.28,133047.45,17.21072329978047,-8.587209518849459,-2.331727630720315,-38.67814828469092,820334.61,679143.4566666667,1,1,0,-0.0465,Normal,,,,,,,,,,,,,,,,,Historical Record,N/A
2020-08-01,Retail & E-commerce,471841.19,201226.98,182969.61,384196.59,87644.6,368647.55,140038.13,1878984.16,900000,111799.28,467198.22,350398.66,57.35281610323168,18.57502097262853,0.7812958211638963,4.890684115650271,0.4789822177106592,477282.44,513393.69,396984.45,80297.99,16.82399838552619,-1.140048228047108,-3.2212495980636024,9.149182937206769,512304.14,418637.99333333335,1,1,0,-0.1697,Normal,,,,,,,,,,,,,,,,,Historical Record,N/A
2020-09-01,Cloud Services,624415.68,293139.31,264231.19,557370.49,67045.18,503512.15,181508.05,1911221.05,900000,-7116.64,629274.49,471955.87,53.05381985282624,10.73726719995244,0.8063733281009214,3.428995765455757,0.4709031433072589,689493.72,643506.65,583662.23,105831.48,15.349157929966353,-9.4385254154309,-4.504615623320351,-36.64911423330752,675106.11,578541.2133333334,1,1,0,-0.0426,Normal,,,,,,,,,,,,,,,,,Historical Record,N/A
2020-09-01,Enterprise Solutions,758278.41,338160.21,316954.24,655114.45,103163.96,681553.39,199624.58,2245488.33,900000,-200.47,756313.74,567235.3,55.40421492417277,13.60502404387328,0.8988168211198312,3.427627538974297,0.4008036862075342,706666.33,773049.73,625079.17,81587.16,11.54535833057166,7.30359970596024,4.805036136462504,26.44631826870798,758506.41,635434.4833333334,1,1,0,-0.0996,Normal,,,,,,,,,,,,,,,,,Historical Record,N/A
2020-09-01,Retail & E-commerce,466576.48,215027.74,195813.18,410840.93,55735.56,384201.89,140745.67,1901540.39,900000,22556.24,461568.88,346176.66,53.91372064018315,11.945642866524262,0.8234489016677395,4.628410294952842,0.4733004908720346,471841.19,477282.44,384196.59,87644.6,18.57502097262853,-1.115780078462425,6.93507977257164,-36.407308607718,487505.7733333334,400021.25,1,1,0,-0.1153,Normal,,,,,,,,,,,,,,,,,Historical Record,N/A
2020-10-01,Cloud Services,618077.04,283092.03,270128.26,553220.29,64856.75,571829.71,179577.78,1923753.42,900000,12532.38,648460.13,486345.09,54.19793784930111,10.493311642833392,0.9251754603277286,3.4773732178188905,0.4678354256025182,624415.68,689493.72,557370.49,67045.18,10.73726719995244,-1.015131458582208,-0.7446034683321612,-3.2641123493142854,652472.0166666667,566900.6333333333,1,1,0,-0.0603,Normal,,,,,,,,,,,,,,,,,Historical Record,N/A
2020-10-01,Enterprise Solutions,783817.4,336027.57,336469.58,672497.15,111320.26,708688.4,214327.45,2348615.61,900000,103127.29,777062.21,582796.66,57.12935563818819,14.202320591505114,0.9041498695997308,3.492380019751756,0.383204469972845,758278.41,706666.33,655114.45,103163.96,13.60502404387328,3.368022834779105,2.653383695016976,7.906152497441932,745998.1566666667,640065.3,1,1,0,-0.1198,Normal,,,,,,,,,,,,,,,,,Historical Record,N/A
2020-10-01,Retail & E-commerce,474056.15,201544.25,199307.71,400851.96,73204.19,361383.93,127391.4,1960785.36,900000,59244.96,472821.41,354616.06,57.485152339021454,15.442092671933484,0.7623230497062425,4.891544898520641,0.4589997550777306,466576.48,471841.19,410840.93,55735.56,11.945642866524262,1.603096238370183,-2.431347334356382,31.3419834662108,471900.0366666667,397340.6566666667,1,1,0,-0.1523,Normal,,,,,,,,,,,,,,,,,Historical Record,N/A
2020-11-01,Cloud Services,718902.57,329723.98,271401.15,601125.13,117777.44,666608.25,193197.35,1940372.59,900000,16619.17,688408.68,516306.51,54.13509510753314,16.382948804870736,0.9272581262298172,3.227901302346152,0.4638284444123177,618077.04,624415.68,553220.29,64856.75,10.493311642833392,16.312777125647628,8.65927025200033,81.5962717835846,643995.48,564751.0033333333,0,1,0,-0.0268,Normal,,,,,,,,,,,,,,,,,Historical Record,N/A
2020-11-01,Enterprise Solutions,822942.34,344464.75,344242.63,688707.38,134234.96,687887.8,251905.15,2350429.63,900000,1814.02,822487.87,616865.9,58.14229828058184,16.311587516568903,0.8358882105883628,3.412813189253177,0.3829087195433288,783817.4,758278.41,672497.15,111320.26,14.202320591505114,4.991588602141261,2.410453337980689,20.584483004261767,749587.38,650896.9233333333,1,1,0,-0.1418,Normal,,,,,,,,,,,,,,,,,Historical Record,N/A
2020-11-01,Retail & E-commerce,486871.2,230959.92,204736.86,435696.79,51174.41,446882.11,164151.16,2034162.57,900000,73377.21,498973.71,374230.28,52.56241897240995,10.510872279978772,0.9178651561234265,4.668757302526833,0.4424425133336319,474056.15,466576.48,400851.96,73204.19,15.442092671933484,2.703276816469935,8.692692933321311,-30.093605297729543,470824.6066666667,398629.82666666666,0,1,0,-0.0736,Normal,,,,,,,,,,,,,,,,,Historical Record,N/A
2020-12-01,Cloud Services,748337.27,328806.1,279950.68,608756.78,139580.49,607145.72,214698.37,2028199.29,900000,87826.69,741137.85,555853.39,56.06177679751271,18.652083171001223,0.8113263154727012,3.331707106407916,0.4437433759283092,718902.57,618077.04,601125.13,117777.44,16.382948804870736,4.094393486449777,1.269560964786165,18.512076676144428,653798.43,570571.97,1,1,0,-0.144,Normal,,,,,,,,,,,,,,,,,Historical Record,N/A
2020-12-01,Enterprise Solutions,843700.35,346880.45,349044.23,695924.69,147775.67,703110.58,252799.02,2434296.08,900000,83866.45,882861.98,662146.49,58.88582362209521,17.515184152762295,0.8333652818799945,3.4979303292142148,0.3697167355254501,822942.34,783817.4,688707.38,134234.96,16.311587516568903,2.522413660232869,1.0479501468388497,10.087320024530143,788346.0499999999,672106.3266666667,0,1,0,-0.1517,Normal,,,,,,,,,,,,,,,,,Historical Record,N/A
2020-12-01,Retail & E-commerce,522760.98,218636.84,205403.75,424040.59,98720.39,478421.77,120554.26,2126386.7,900000,92224.13,534008.04,400506.03,58.17651883658188,18.884422092865464,0.9151826327971152,5.014582919998295,0.423253211657127,486871.2,474056.15,435696.79,51174.41,10.510872279978772,7.371514273179436,-2.6753008669170963,92.9096788805186,475834.61,415796.56,1,1,0,-0.1208,Normal,,,,,,,,,,,,,,,,,Historical Record,N/A
2021-01-01,Cloud Services,786388.82,375542.33,280371.11,655913.44,130475.38,614403.63,264642.66,2031473.41,900000,3274.12,795033.4,596275.05,52.24470129165874,16.591713498673595,0.7812975138685212,3.097166921903597,0.4430281959732862,748337.27,718902.57,608756.78,139580.49,18.652083171001223,5.084812894592283,7.746387645982344,-6.5231967590886,695105.6266666666,587700.7333333333,0,1,0,-0.1055,Normal,,,,,,,,,,,,,,,,,Historical Record,N/A
2021-01-01,Enterprise Solutions,967777.7,389707.23,360705.59,750412.82,217364.88,889572.94,241001.33,2507670.68,900000,73374.59,944256.2,708192.15,59.73174108062212,22.460207545596475,0.9191914010831206,3.3417215340217674,0.3588988008584923,843700.35,822942.34,695924.69,147775.67,17.515184152762295,14.706329089468785,7.829601504726047,47.09111452514476,816820.0299999999,685709.74,0,1,0,-0.0602,Normal,,,,,,,,,,,,,,,,,Historical Record,N/A
2021-01-01,Retail & E-commerce,563590.1,267949.21,203586.37,471535.57,92054.53,493566.7,166858.92,2271732.77,900000,145346.08,569444.81,427083.61,52.456721649297954,16.333595994677694,0.8757547373525547,4.817733622937502,0.3961733580134075,522760.98,486871.2,424040.59,98720.39,18.884422092865464,7.810284539599732,11.20057398278782,-6.752262627811745,494562.7766666667,420196.4466666667,0,1,0,-0.1249,Normal,,,,,,,,,,,,,,,,,Historical Record,N/A
2021-02-01,Cloud Services,798801.57,324217.37,279241.61,603458.99,195342.58,626460.77,232067.23,2213667.05,900000,182193.64,837912.79,628434.59,59.41202644356345,24.45445619241835,0.7842507996072167,3.668297409903529,0.4065652059102565,786388.82,748337.27,655913.44,130475.38,16.591713498673595,1.5784494494720749,-7.997160417996607,49.71604604638819,751209.5533333332,621931.7833333333,0,1,0,-0.0923,Normal,,,,,,,,,,,,,,,,,Historical Record,N/A
2021-02-01,Enterprise Solutions,984200.27,456455.98,327919.6,784375.58,199824.7,866650.49,316783.78,2711044.77,900000,203374.09,992233.64,744175.23,53.621636376913415,20.30325596232564,0.8805631500182376,3.456309501629309,0.3319753365784512,967777.7,843700.35,750412.82,217364.88,22.460207545596475,1.6969361868949928,4.525876836699028,-8.069463659446729,878140.1299999999,711681.6299999999,0,1,0,-0.1336,Normal,,,,,,,,,,,,,,,,,Historical Record,N/A
2021-02-01,Retail & E-commerce,562256.93,237715.06,199593.49,437308.54,124948.39,464238.55,133190.74,2442494.87,900000,170762.09,596599.05,447449.28,57.72127521843083,22.222650061422986,0.8256697698683766,5.585289667565148,0.3684756971465,563590.1,522760.98,471535.57,92054.53,16.333595994677694,-0.2365495774322323,-7.258631623484957,35.73301607210422,524407.4266666666,443757.65,1,1,0,-0.1418,Normal,,,,,,,,,,,,,,,,,Historical Record,N/A
2021-03-01,Cloud Services,899050.98,371634.73,286060.1,657694.83,241356.15,794851.42,253737.66,2387997.52,900000,174330.48,860317.1,645237.82,58.66366443424599,26.845657851348985,0.8841004989505713,3.630859497557553,0.3768848135152167,798801.57,786388.82,603458.99,195342.58,24.45445619241835,12.549976585549285,8.987493914043764,23.555320094574373,777842.5533333333,622709.7366666667,0,1,0,-0.0201,Normal,,,,,,,,,,,,,,,,,Historical Record,N/A
2021-03-01,Enterprise Solutions,992165.01,411280.0,377461.62,788741.62,203423.39,793943.2,264206.75,2805589.97,900000,94545.2,1015744.17,761808.13,58.54721786651195,20.502979640453155,0.8002128597540443,3.557045677391793,0.3207881442490329,984200.27,967777.7,784375.58,199824.7,20.30325596232564,0.809260090936581,0.5566262019528923,1.8009235094560427,931892.7733333334,743571.0299999999,0,1,0,-0.1491,Normal,,,,,,,,,,,,,,,,,Historical Record,N/A
2021-03-01,Retail & E-commerce,608285.22,291278.62,210874.1,502152.72,106132.51,541620.15,174046.99,2504716.16,900000,62221.29,608919.32,456689.49,52.1147957532159,17.447819955250598,0.8904049156413829,4.987956970540756,0.3593221516964221,562256.93,563590.1,437308.54,124948.39,22.222650061422986,8.186344630736686,14.828015935842464,-15.058921527520289,549536.0033333333,444294.9,0,1,0,-0.0789,Normal,,,,,,,,,,,,,,,,,Historical Record,N/A
2021-04-01,Cloud Services,867479.67,407248.48,287756.56,695005.05,172474.63,665736.35,228636.37,2494364.61,900000,106367.08,858143.36,643607.52,53.05383006843262,19.88226767320092,0.7674374086484355,3.5889877490818227,0.3608133295316437,899050.98,798801.57,657694.83,241356.15,26.845657851348985,-3.5116262261345788,5.672877191386783,-28.539368066651704,828080.4566666667,639022.4199999999,0,1,0,-0.1165,Normal,,,,,,,,,,,,,,,,,Historical Record,N/A
2021-04-01,Enterprise Solutions,1084293.29,435288.26,409756.08,845044.33,239248.96,912197.83,300057.33,3100734.85,900000,295144.88,1010174.22,757630.67,59.85511816641418,22.064967311565677,0.8412832933790451,3.669316200251885,0.2902537764556037,992165.01,984200.27,788741.62,203423.39,20.502979640453155,9.28558042981178,7.138295808454997,17.611332698761917,981380.9933333332,774510.0066666667,0,1,0,-0.1141,Normal,,,,,,,,,,,,,,,,,Historical Record,N/A
2021-04-01,Retail & E-commerce,614409.68,250201.87,234110.28,484312.15,130097.54,458736.47,139651.43,2673138.83,900000,168422.67,603779.71,452834.78,59.27768097664087,21.174396210684694,0.7466296266686422,5.519454405593582,0.3366828501009803,608285.22,562256.93,502152.72,106132.51,17.447819955250598,1.006840179348778,-3.552817557176624,22.58029137349149,578044.0833333334,470332.2766666667,1,1,0,-0.1535,Normal,,,,,,,,,,,,,,,,,Historical Record,N/A
2021-05-01,Cloud Services,852215.6,362440.89,293616.2,656057.09,196158.51,628156.02,270861.51,2792308.19,900000,297943.59,833887.42,625415.56,57.47075153282808,23.01747468598322,0.737085803169996,4.256196956883737,0.3223139921385253,867479.67,899050.98,695005.05,172474.63,19.88226767320092,-1.759588210292018,-5.60398230199911,13.731805077651128,855110.7400000001,652052.9566666667,1,1,0,-0.1002,Normal,,,,,,,,,,,,,,,,,Historical Record,N/A
2021-05-01,Enterprise Solutions,1033969.84,448671.0,397346.67,846017.67,187952.17,963031.37,287224.76,3315394.14,900000,214659.29,978711.1,734033.32,56.60695480247277,18.17772266935755,0.9313921284203028,3.918823752227303,0.2714609370697627,1084293.29,992165.01,845044.33,239248.96,22.064967311565677,-4.641128969819597,0.1151821230491068,-21.440757778006635,1020219.5233333334,806053.8433333334,0,1,0,-0.116,Normal,,,,,,,,,,,,,,,,,Historical Record,N/A
2021-05-01,Retail & E-commerce,556102.94,251143.78,205384.31,456528.09,99574.86,443038.23,185179.86,2765114.07,900000,91975.25,583234.98,437426.23,54.83861674962552,17.905832326655208,0.796683847778255,6.056832275096149,0.325483859694801,614409.68,608285.22,484312.15,130097.54,21.174396210684694,-9.489879781841992,-5.736808378645875,-23.461381360477684,594983.9433333334,474591.13666666666,1,1,0,-0.1203,Normal,,,,,,,,,,,,,,,,,Historical Record,N/A
2021-06-01,Cloud Services,799454.51,375290.7,297378.36,672669.06,126785.45,657320.81,256463.48,2885746.99,900000,93438.8,796126.48,597094.86,53.056653592460194,15.858994903912668,0.822211647789691,4.289995127767583,0.3118776535568698,852215.6,867479.67,656057.09,196158.51,23.01747468598322,-6.191049541923421,2.532092138505826,-35.365817164904044,872915.4166666666,669585.6566666666,0,1,0,-0.1286,Normal,,,,,,,,,,,,,,,,,Historical Record,N/A
2021-06-01,Enterprise Solutions,933179.6,417413.14,337620.04,755033.17,178146.43,731425.53,296601.54,3446215.28,900000,130821.15,931622.17,698716.62,55.26979586780508,19.09026193885936,0.7837993136583784,4.564323021728965,0.2611560587126176,1033969.84,1084293.29,846017.67,187952.17,18.17772266935755,-9.747889745023896,-10.754444407762788,-5.217146468699996,1036809.38,826601.2066666667,0,1,0,-0.0606,Normal,,,,,,,,,,,,,,,,,Historical Record,N/A
2021-06-01,Retail & E-commerce,567032.02,263884.1,211701.68,475585.78,91446.24,431206.91,150049.92,2876013.15,900000,110899.08,553523.01,415142.25,53.462222468494815,16.127173911624958,0.7604630687346369,6.047306860184087,0.3129332006009778,556102.94,614409.68,456528.09,99574.86,17.905832326655208,1.9652980075955064,4.174483546017949,-8.163325562295542,592932.6133333333,480997.6533333333,1,1,0,-0.1553,Normal,,,,,,,,,,,,,,,,,Historical Record,N/A
2021-07-01,Cloud Services,782517.31,325643.23,310437.11,636080.34,146436.97,566131.85,222909.44,2965031.61,900000,79284.62,757339.2,568004.4,58.38517233567652,18.713575805754378,0.723475177820667,4.66141055389324,0.3035380793124158,799454.51,852215.6,672669.06,126785.45,15.858994903912668,-2.1185945902037595,-5.439334462625656,15.49982273202486,839716.5933333334,674577.0666666668,1,1,0,-0.123,Normal,,,,,,,,,,,,,,,,,Historical Record,N/A
2021-07-01,Enterprise Solutions,905427.12,387258.13,347580.63,734838.76,170588.36,736161.58,230387.98,3560538.2,900000,114322.92,883606.36,662704.77,57.229232320763714,18.840650587095293,0.8130544841643356,4.845332600583018,0.2527707749350926,933179.6,1033969.84,755033.17,178146.43,19.09026193885936,-2.973969855320457,-2.67463878441262,-4.242616593551729,1017147.5766666664,815365.0566666666,1,1,0,-0.1683,Normal,,,,,,,,,,,,,,,,,Historical Record,N/A
2021-07-01,Retail & E-commerce,504009.65,230874.95,214930.86,445805.82,58203.84,451072.96,156627.03,2859401.5,900000,-16611.65,523433.5,392575.12,54.19235524557913,11.548159841780803,0.8949688959328457,6.414006663259802,0.3147511813223851,567032.02,556102.94,475585.78,91446.24,16.127173911624958,-11.11442877599752,-6.261743149679544,-36.35185000498654,579181.5466666667,472142.00666666665,0,1,0,-0.0536,Normal,,,,,,,,,,,,,,,,,Historical Record,N/A
2021-08-01,Cloud Services,742608.81,346834.87,307966.47,654801.34,87807.47,612127.76,233617.37,3079933.79,900000,114902.18,730614.69,547961.02,53.29507739074628,11.824189104354955,0.8242936950882659,4.703615588202676,0.2922140738616332,782517.31,799454.51,636080.34,146436.97,18.713575805754378,-5.100014976026534,2.943181674189144,-40.03736214973582,811395.8066666666,654935.4966666666,0,1,0,-0.1105,Normal,,,,,,,,,,,,,,,,,Historical Record,N/A
2021-08-01,Enterprise Solutions,781136.8,369624.31,324107.07,693731.38,87405.43,670266.99,204261.37,3527951.64,900000,-32586.56,849899.26,637424.45,52.68123201979474,11.18951635616194,0.8580660775423715,5.085472189538262,0.2551055376711456,905427.12,933179.6,734838.76,170588.36,18.840650587095293,-13.72725835735956,-5.5940680102394165,-48.76237159440422,957525.52,778629.8666666667,1,-1,1,0.0029,Multivariate Outlier,,,,,,,,,,,,,,,,,Historical Record,N/A
2021-08-01,Retail & E-commerce,506382.45,202758.03,193867.08,396625.11,109757.34,442058.62,137954.99,2990876.16,900000,131474.66,501969.05,376476.79,59.95950689049354,21.674791454561664,0.872973816529384,7.540813943928059,0.3009151672799451,504009.65,567032.02,445805.82,58203.84,11.548159841780803,0.4707846367624002,-11.03186809001283,88.5740528459978,542381.5366666666,459306.5633333333,1,1,0,-0.1239,Normal,,,,,,,,,,,,,,,,,Historical Record,N/A
2021-09-01,Cloud Services,750198.67,313023.41,299729.21,612752.62,137446.06,647277.6,178836.1,3172969.23,900000,93035.45,726116.46,544587.34,58.27459811412356,18.321288146245312,0.8628082478472002,5.178222216332588,0.2836459904781365,742608.81,782517.31,654801.34,87807.47,11.824189104354955,1.022053589695493,-6.421599564839009,56.53116984238356,774860.21,654516.9133333333,1,1,0,-0.1502,Normal,,,,,,,,,,,,,,,,,Historical Record,N/A
2021-09-01,Enterprise Solutions,835369.22,339851.57,355517.31,695368.88,140000.34,709100.04,191477.57,3553581.37,900000,25629.73,842162.66,631622.0,59.3172022785326,16.759097252829115,0.8488462622551499,5.11035433452242,0.2532656231254386,781136.8,905427.12,693731.38,87405.43,11.18951635616194,6.942755737535333,0.2360423713282156,60.17350409465407,873247.84,727867.77,0,1,0,-0.149,Normal,,,,,,,,,,,,,,,,,Historical Record,N/A
2021-09-01,Retail & E-commerce,513157.91,231932.31,214358.35,446290.65,66867.26,432118.55,131908.01,3036283.39,900000,45407.23,495920.76,371940.57,54.8029358058614,13.03054258678386,0.8420771493125772,6.80337665599761,0.2964150194162212,506382.45,504009.65,396625.11,109757.34,21.674791454561664,1.33801240544571,12.522036237191347,-39.0771860906979,525808.0399999999,439338.9033333333,1,1,0,-0.085,Normal,,,,,,,,,,,,,,,,,Historical Record,N/A
2021-10-01,Cloud Services,770817.73,356573.22,304630.47,661203.69,109614.04,708866.25,224936.39,3217285.29,900000,44316.06,748254.65,561190.99,53.74091615666391,14.22048763720056,0.9196288855473006,4.865800567446924,0.279738947241449,750198.67,742608.81,612752.62,137446.06,18.321288146245312,2.7484799459855047,7.907117557489984,-20.24941275144592,758441.5966666667,634544.7666666666,1,1,0,-0.1276,Normal,,,,,,,,,,,,,,,,,Historical Record,N/A
2021-10-01,Enterprise Solutions,850375.18,342636.55,340463.63,683100.17,167275.0,609231.87,241594.92,3705633.04,900000,152051.67,865266.29,648949.72,59.70760223740302,19.67072933619723,0.716427153953388,5.42472861630235,0.2428734821513789,835369.22,781136.8,695368.88,140000.34,16.759097252829115,1.7963266590071525,-1.7643455657664675,19.48185268692919,840644.38,707979.6733333333,0,1,0,-0.1346,Normal,,,,,,,,,,,,,,,,,Historical Record,N/A
2021-10-01,Retail & E-commerce,506835.7,238903.96,213613.75,452517.72,54317.98,418473.6,158962.1,3030580.66,900000,-5702.73,508010.75,381008.07,52.863628193515176,10.717078532550095,0.8256592816962183,6.69715356119093,0.2969727920061365,513157.91,506382.45,446290.65,66867.26,13.03054258678386,-1.2320203736116977,1.3952947479406008,-18.76745061783598,507850.00333333336,429573.86,1,1,0,-0.1093,Normal,,,,,,,,,,,,,,,,,Historical Record,N/A
2021-11-01,Cloud Services,808587.43,375043.14,312117.67,687160.81,121426.62,590311.09,247115.11,3253614.76,900000,36329.46,794351.07,595763.3,53.61749068990598,15.017129316492095,0.7300522715273968,4.734866588215355,0.2766154158951504,770817.73,750198.67,661203.69,109614.04,14.22048763720056,4.899952158599152,3.925737317043732,10.776520963920325,754541.7366666667,642919.2166666667,0,1,0,-0.108,Normal,,,,,,,,,,,,,,,,,Historical Record,N/A
2021-11-01,Enterprise Solutions,950084.95,391833.29,348634.44,740467.74,209617.21,889781.98,244763.32,3923756.97,900000,218123.93,915848.2,686886.15,58.75807842235581,22.06299657730606,0.936528865129376,5.299024870415017,0.2293720041483609,850375.18,835369.22,683100.17,167275.0,19.67072933619723,11.725385729155446,8.398119707685026,25.31293379166044,822293.7333333334,690733.4766666667,0,1,0,-0.0888,Normal,,,,,,,,,,,,,,,,,Historical Record,N/A
2021-11-01,Retail & E-commerce,518885.95,246593.64,226942.26,473535.9,45350.05,411237.7,136388.8,3021225.29,900000,-9355.37,536109.41,402082.06,52.476331263161,8.739887830842212,0.7925396708081998,6.380139900691796,0.2978923825968635,506835.7,513157.91,452517.72,54317.98,10.717078532550095,2.3775456227728142,4.644719769205952,-16.510057995529294,508792.02,431811.16,1,1,0,-0.0436,Normal,,,,,,,,,,,,,,,,,Historical Record,N/A
2021-12-01,Cloud Services,822406.23,374719.02,297683.81,672402.83,150003.4,624523.8,234068.37,3377496.52,900000,123881.77,855194.98,641396.24,54.436261991838265,18.239574863142757,0.7593860275110027,5.023025438486034,0.2664695565696689,808587.43,770817.73,687160.81,121426.62,15.017129316492095,1.7090050484707575,-2.147674865218241,23.53419703191937,776534.61,653705.7066666667,0,1,0,-0.1705,Normal,,,,,,,,,,,,,,,,,Historical Record,N/A
2021-12-01,Enterprise Solutions,1010670.63,406459.06,352633.17,759092.23,251578.4,877235.01,225154.79,4241004.56,900000,317247.59,983075.36,737306.52,59.78323224847249,24.89222428478009,0.8679731892476187,5.586942393021201,0.2122138722718091,950084.95,850375.18,740467.74,209617.21,22.06299657730606,6.376869773592353,2.515233141689599,20.018008063364647,878609.7833333333,706312.2633333333,0,1,0,-0.1334,Normal,,,,,,,,,,,,,,,,,Historical Record,N/A
2021-12-01,Retail & E-commerce,559175.67,261745.06,199330.27,461075.33,98100.34,469260.4,192966.56,3138588.83,900000,117363.54,573751.14,430313.35,53.19090689335607,17.543742559471514,0.8392003178536004,6.807106400596189,0.2867530755852464,518885.95,506835.7,473535.9,45350.05,8.739887830842212,7.7646581103226975,-2.631388665568968,116.31804154570942,512959.8533333333,457448.09,1,1,0,-0.1302,Normal,,,,,,,,,,,,,,,,,Historical Record,N/A
2022-01-01,Cloud Services,962575.55,432734.72,331307.5,764042.23,198533.33,881558.85,282929.04,3597358.75,900000,219862.22,917384.76,688038.57,55.04407731943742,20.625220534637517,0.9158334117254484,4.708324499288476,0.2501835548094835,822406.23,808587.43,672402.83,150003.4,18.239574863142757,17.043805711442637,13.628645792582406,32.35255334212424,800603.7966666667,673589.11,0,1,0,-0.0238,Normal,,,,,,,,,,,,,,,,,Historical Record,N/A
2022-01-01,Enterprise Solutions,1012888.66,413213.31,368360.91,781574.22,231314.44,925703.37,295878.9,4509850.72,900000,268846.17,1051438.42,788578.81,59.20446873203221,22.83710432694547,0.9139241128437552,5.770214273444178,0.1995631465158563,1010670.63,950084.95,759092.23,251578.4,24.89222428478009,0.2194612106221072,2.9616941277346376,-8.054729658826032,937043.5866666666,727553.38,0,1,0,-0.1578,Normal,,,,,,,,,,,,,,,,,Historical Record,N/A
2022-01-01,Retail & E-commerce,612893.67,288176.38,231671.83,519848.22,93045.46,536662.58,179216.38,3227725.12,900000,89136.29,611825.26,458868.95,52.981015450853,15.181338061461783,0.8756210192218169,6.208975996878474,0.2788341530148639,559175.67,518885.95,461075.33,98100.34,17.543742559471514,9.60664114731602,12.746917081857312,-5.152765015901062,528299.1066666667,462376.31666666665,1,1,0,-0.0932,Normal,,,,,,,,,,,,,,,,,Historical Record,N/A
2022-02-01,Cloud Services,933310.67,403102.31,329838.27,732940.58,200370.09,795158.54,283371.51,3803828.71,900000,206469.96,966863.07,725147.3,56.80941802583271,21.468745235710205,0.8519762663808397,5.189818675342004,0.236603713945889,962575.55,822406.23,764042.23,198533.33,20.625220534637517,-3.040268371661836,-4.070671591019259,0.92516455549303,864523.07,707868.6233333334,0,1,0,-0.1558,Normal,,,,,,,,,,,,,,,,,Historical Record,N/A
2022-02-01,Enterprise Solutions,1124520.61,450977.92,358445.34,809423.26,315097.35,794623.43,264402.53,4723610.04,900000,213759.31,1104861.76,828646.32,59.89598447644282,28.02059359321124,0.7066330513942292,5.835772547480288,0.1905322396173076,1012888.66,1010670.63,781574.22,231314.44,22.83710432694547,11.02114718117193,3.5631983869683026,36.22035442318256,991214.7466666668,760378.0633333334,0,-1,1,0.0022,Multivariate Outlier,,,,,,,,,,,,,,,,,Historical Record,N/A
2022-02-01,Retail & E-commerce,650904.81,301931.06,251376.18,553307.24,97597.57,585129.68,219806.13,3324111.31,900000,96386.19,641000.43,480750.33,53.61363822153965,14.994138697484813,0.8989481580263633,6.007713381809355,0.2707490562342209,612893.67,559175.67,519848.22,93045.46,15.181338061461783,6.20191427331922,6.436305581656132,4.892350470404461,563651.7633333333,484819.81666666665,0,1,0,-0.14,Normal,,,,,,,,,,,,,,,,,Historical Record,N/A
2022-03-01,Cloud Services,1015317.27,425903.85,354055.81,779959.67,235357.61,947909.35,264198.61,3928635.5,900000,124806.79,992715.27,744536.46,58.05214167193276,23.180696020269604,0.9336090087387168,5.036972616802097,0.2290871728873803,933310.67,962575.55,732940.58,200370.09,21.468745235710205,8.786634786892545,6.415129859503765,17.461448462692196,906097.4833333334,723128.5466666667,0,1,0,-0.1079,Normal,,,,,,,,,,,,,,,,,Historical Record,N/A
2022-03-01,Enterprise Solutions,1113304.32,468427.11,391180.29,859607.39,253696.93,853922.13,316108.56,4962956.72,900000,239346.68,1131040.96,848280.72,57.92461220306772,22.787743247057552,0.7670159134925479,5.773515651139295,0.1813435116959875,1124520.61,1012888.66,809423.26,315097.35,28.02059359321124,-0.9974285842568986,6.19998614816184,-19.48617466951086,1049359.9666666668,783363.2366666667,0,1,0,-0.136,Normal,,,,,,,,,,,,,,,,,Historical Record,N/A
2022-03-01,Retail & E-commerce,644711.35,281898.64,227865.59,509764.24,134947.11,546527.17,156763.85,3491854.28,900000,167742.97,654237.64,490678.23,56.2752168082662,20.93139976518173,0.8477083116343462,6.8499396505333525,0.2577427142807345,650904.81,612893.67,553307.24,97597.57,14.994138697484813,-0.951515475818976,-7.8695879706905725,38.26892411358189,607658.0499999999,511410.26333333337,0,1,0,-0.1518,Normal,,,,,,,,,,,,,,,,,Historical Record,N/A
2022-04-01,Cloud Services,964345.59,409444.94,350294.27,759739.2,204606.39,750093.97,275174.33,4171618.85,900000,242983.35,990207.01,742655.26,57.54167963789827,21.217123002553475,0.7778269302812906,5.490856401775767,0.2157435835730773,1015317.27,933310.67,779959.67,235357.61,23.180696020269604,-5.020271151302302,-2.592501994365948,-13.065742807296507,970401.1633333334,758980.8266666667,0,1,0,-0.1472,Normal,,,,,,,,,,,,,,,,,Historical Record,N/A
2022-04-01,Enterprise Solutions,1131959.59,521933.51,387832.79,909766.3,222193.29,930309.82,380442.79,5199531.33,900000,236574.61,1124838.77,843629.08,53.89115348190124,19.62908322548864,0.8218578014785844,5.7152384409050985,0.1730925237063625,1113304.32,1124520.61,859607.39,253696.93,22.787743247057552,1.6756667215662937,5.835095252031275,-12.417824685541124,1083571.1966666668,816868.29,0,1,0,-0.1723,Normal,,,,,,,,,,,,,,,,,Historical Record,N/A
2022-04-01,Retail & E-commerce,649966.5,300024.2,221629.7,521653.9,128312.6,468844.8,168114.46,3595238.57,900000,103384.29,648715.51,486536.64,53.84005175651361,19.741417442283566,0.7213368689001664,6.891999791432595,0.2503310927708477,644711.35,650904.81,509764.24,134947.11,20.93139976518173,0.8151167185128649,2.332384084062089,-4.91637797949136,636169.9433333334,527639.8999999999,1,1,0,-0.1442,Normal,,,,,,,,,,,,,,,,,Historical Record,N/A
2022-05-01,Cloud Services,933857.19,387076.29,332427.96,719504.25,214352.94,776306.94,267782.96,4276577.67,900000,104958.81,962218.21,721663.66,58.55080475420444,22.95350320106225,0.8312908529408014,5.943783751103624,0.2104486506379761,964345.59,1015317.27,759739.2,204606.39,21.217123002553475,-3.1615636879720688,-5.295889694779465,4.763560903449782,970991.1766666668,757546.4833333334,0,1,0,-0.1531,Normal,,,,,,,,,,,,,,,,,Historical Record,N/A
2022-05-01,Enterprise Solutions,1099867.58,495686.41,361277.68,856964.09,242903.49,999485.49,370218.48,5365912.35,900000,166381.02,1089804.27,817353.21,54.93217374404291,22.084794062208832,0.908732567606002,6.261536991590861,0.1677254381540541,1131959.59,1113304.32,909766.3,222193.29,19.62908322548864,-2.835084422050793,-5.803931185404432,9.320803522014543,1123261.5066666668,859598.9833333334,0,1,0,-0.1464,Normal,,,,,,,,,,,,,,,,,Historical Record,N/A
2022-05-01,Retail & E-commerce,588570.59,272870.09,214438.78,487308.87,101261.72,423543.69,151462.04,3704479.08,900000,109240.52,626641.75,469981.32,53.63851088787837,17.20468567754974,0.7196140908093964,7.601911863414266,0.2429491382091972,649966.5,644711.35,521653.9,128312.6,19.741417442283566,-9.446011448282343,-6.583872947178204,-21.08201376949731,648527.5533333333,528241.7933333333,0,1,0,-0.0813,Normal,,,,,,,,,,,,,,,,,Historical Record,N/A
2022-06-01,Cloud Services,957157.95,424995.48,320536.13,745531.61,211626.34,897671.38,284883.97,4477121.52,900000,200543.86,918646.07,688984.55,55.59818732112083,22.109865983978924,0.9378508322476976,6.005273901129423,0.2010220173787018,933857.19,964345.59,719504.25,214352.94,22.95350320106225,2.4951095573831905,3.617401843005097,-1.272014277014355,971173.35,753067.7066666667,1,1,0,-0.1543,Normal,,,,,,,,,,,,,,,,,Historical Record,N/A
2022-06-01,Enterprise Solutions,1043465.22,440263.45,387770.84,828034.3,215430.92,946877.33,260320.85,5424407.05,900000,58494.7,1037370.3,778027.72,57.80755874163205,20.6457211865672,0.9074354485911854,6.550944870278924,0.1659167521360698,1099867.58,1131959.59,856964.09,242903.49,22.084794062208832,-5.128104603283257,-3.37584623878463,-11.310076277619553,1115043.83,875445.9266666666,1,1,0,-0.1443,Normal,,,,,,,,,,,,,,,,,Historical Record,N/A
2022-06-01,Retail & E-commerce,573303.34,236496.21,212227.38,448723.59,124579.75,503732.4,161299.75,3847754.42,900000,143275.34,594718.5,446038.87,58.74850301761717,21.730162953524747,0.8786489888581498,8.574887761082495,0.2339026615944995,588570.59,649966.5,487308.87,101261.72,17.20468567754974,-2.5939539384732035,-7.918033587199014,23.027487583659443,627749.48,506242.3366666666,0,1,0,-0.1524,Normal,,,,,,,,,,,,,,,,,Historical Record,N/A
2022-07-01,Cloud Services,855485.73,384009.13,325700.92,709710.05,145775.68,791329.25,238348.43,4522981.2,900000,45859.68,873889.63,655417.22,55.11215248441373,17.040106560281256,0.9250057858942896,6.372998663327369,0.1989838029837488,957157.95,933857.19,745531.61,211626.34,22.109865983978924,-10.622303246815212,-4.804834499237387,-31.11647633276652,951786.91,741591.6866666666,0,1,0,-0.0859,Normal,,,,,,,,,,,,,,,,,Historical Record,N/A
2022-07-01,Enterprise Solutions,991461.49,444215.74,376883.42,821099.17,170362.33,920674.1,281523.55,5625272.9,900000,200865.85,983904.23,737928.17,55.19586544909576,17.18294978859945,0.9286029858809746,6.850905597675857,0.1599922378876943,1043465.22,1099867.58,828034.3,215430.92,20.6457211865672,-4.983753076120734,-0.8375413917032226,-20.9202049547948,1091764.13,864921.5633333334,0,1,0,-0.14,Normal,,,,,,,,,,,,,,,,,Historical Record,N/A
2022-07-01,Retail & E-commerce,598193.96,259357.76,217181.88,476539.64,121654.32,532070.51,143393.38,3929925.98,900000,82171.55,562389.6,421792.2,56.64319980763429,20.33693553174626,0.8894615218114206,8.246797643108977,0.229011946937484,573303.34,588570.59,448723.59,124579.75,21.730162953524747,4.341614336312771,6.19892749565496,-2.3482387787742365,603946.8099999999,485895.4533333333,0,1,0,-0.1565,Normal,,,,,,,,,,,,,,,,,Historical Record,N/A
2022-08-01,Cloud Services,863359.01,374610.66,320463.72,695074.38,168284.62,739004.95,239883.26,4715042.8,900000,192061.6,843052.36,632289.27,56.6100943337581,19.49184731390016,0.8559648320575237,6.783508262813542,0.1908784369889495,855485.73,957157.95,709710.05,145775.68,17.040106560281256,0.9203286184563232,-2.062204135336687,15.440806038428368,915500.29,724915.3033333333,0,1,0,-0.1723,Normal,,,,,,,,,,,,,,,,,Historical Record,N/A
2022-08-01,Enterprise Solutions,961067.98,390793.2,366797.31,757590.51,203477.47,766282.47,237500.17,5864795.13,900000,239522.23,946371.05,709778.29,59.337611060562026,21.172016364544785,0.7973239000221399,7.74137882218192,0.1534580458567527,991461.49,1043465.22,821099.17,170362.33,17.18294978859945,-3.065526024616449,-7.734590695055754,19.438064741190164,1044931.43,835365.8533333334,1,1,0,-0.1529,Normal,,,,,,,,,,,,,,,,,Historical Record,N/A
2022-08-01,Retail & E-commerce,546508.61,239334.65,207066.12,446400.77,100107.84,447245.12,139924.7,3995017.46,900000,65091.49,539327.68,404495.76,56.20660944390245,18.31770591866796,0.8183679301960128,8.949396435852922,0.2252806174218823,598193.96,573303.34,476539.64,121654.32,20.33693553174626,-8.640232676371385,-6.324525279785743,-17.7112329426526,586689.2966666666,470857.3666666666,1,1,0,-0.1254,Normal,,,,,,,,,,,,,,,,,Historical Record,N/A
2022-09-01,Cloud Services,853792.4,356321.02,296829.14,653150.16,200642.24,734682.28,239240.64,4923559.97,900000,208517.17,837861.87,628396.41,58.26608201244237,23.50012016972744,0.8604928785967174,7.538174636595051,0.1827945643972729,863359.01,855485.73,695074.38,168284.62,19.49184731390016,-1.108068588987099,-6.031616357374581,19.227912806292103,892000.8966666666,716772.0133333333,0,1,0,-0.1586,Normal,,,,,,,,,,,,,,,,,Historical Record,N/A
2022-09-01,Enterprise Solutions,911047.13,412789.71,398131.67,810921.38,100125.76,686688.2,229608.76,6011529.42,900000,146734.29,937756.27,703317.21,54.6906305494865,10.990184448525731,0.7537351004003492,7.413208688615412,0.1497123173024411,961067.98,991461.49,757590.51,203477.47,21.172016364544785,-5.204715071248134,7.039537757673342,-50.79270446993469,998664.8966666666,802241.3266666668,0,1,0,-0.067,Normal,,,,,,,,,,,,,,,,,Historical Record,N/A
2022-09-01,Retail & E-commerce,525795.2,226075.64,216540.93,442616.57,83178.62,480641.2,154124.52,4008357.59,900000,13340.13,532829.25,399621.94,57.00309930558514,15.819585268180465,0.9141224568044746,9.056049550969137,0.2245308657703865,546508.61,598193.96,446400.77,100107.84,18.31770591866796,-3.7901342487541063,-0.847713591533461,-16.91098319572174,572668.6366666666,457221.3333333333,1,1,0,-0.1482,Normal,,,,,,,,,,,,,,,,,Historical Record,N/A
2022-10-01,Cloud Services,901211.13,396299.8,341499.05,737798.85,163412.28,787465.79,250011.18,5023333.69,900000,99773.73,863407.02,647555.27,56.02586488251649,18.13251906908873,0.8737861348871713,6.808540959368533,0.1791638890706462,853792.4,863359.01,653150.16,200642.24,23.50012016972744,5.553894600139331,12.9600657220998,-18.55539491584624,857545.7133333334,685978.1966666668,0,1,0,-0.1136,Normal,,,,,,,,,,,,,,,,,Historical Record,N/A
2022-10-01,Enterprise Solutions,1037480.28,442733.83,388122.88,830856.71,206623.57,745724.69,307982.36,6234265.52,900000,222736.1,963482.39,722611.79,57.326048645474,19.915903365411435,0.718784447642706,7.503418393287093,0.1443634373789071,911047.13,961067.98,810921.38,100125.76,10.990184448525731,13.877783688314782,2.4583554573440747,106.36404657502725,954525.5333333332,796537.02,1,1,0,-0.0769,Normal,,,,,,,,,,,,,,,,,Historical Record,N/A
2022-10-01,Retail & E-commerce,546962.01,259926.42,215906.16,475832.58,71129.43,470836.96,166781.94,4120457.04,900000,112099.45,545819.03,409364.27,52.47815840080008,13.004455282003956,0.8608220523396132,8.659468084341766,0.2184223719027052,525795.2,546508.61,442616.57,83178.62,15.819585268180465,4.025675776423987,7.504465998640764,-14.48592198331735,556832.59,455185.66,0,1,0,-0.1179,Normal,,,,,,,,,,,,,,,,,Historical Record,N/A
2022-11-01,Cloud Services,932243.28,393344.07,314677.53,708021.6,224221.69,860971.16,231433.21,5214741.6,900000,191407.9,916597.43,687448.07,57.80671435893857,24.051842991026977,0.9235477245810771,7.365229535370107,0.1725876503641139,901211.13,853792.4,737798.85,163412.28,18.13251906908873,3.4433829062896715,-4.035957768164044,37.2122645862355,872787.5133333333,695341.13,0,1,0,-0.139,Normal,,,,,,,,,,,,,,,,,Historical Record,N/A
2022-11-01,Enterprise Solutions,1041458.92,483188.27,389745.74,872934.02,168524.91,882696.49,300637.22,6507018.82,900000,272753.31,1019805.84,764854.38,53.604673144476976,16.181618570226465,0.847557664588441,7.454193181748146,0.138312186409198,1037480.28,911047.13,830856.71,206623.57,19.915903365411435,0.3834906625887813,5.064328119827066,-18.438680543560448,969865.13,799789.5333333333,0,1,0,-0.1615,Normal,,,,,,,,,,,,,,,,,Historical Record,N/A
2022-11-01,Retail & E-commerce,580864.53,235653.89,221926.46,457580.35,123284.18,409984.63,167996.17,4168275.14,900000,47818.1,576008.91,432006.68,59.43049061714958,21.2242568848196,0.7058179813458397,9.109384045883964,0.2159166489187179,546962.01,525795.2,475832.58,71129.43,13.004455282003956,6.198331763480258,-3.835851256759271,73.323728307678,539755.2733333333,454949.9733333333,1,1,0,-0.1144,Normal,,,,,,,,,,,,,,,,,Historical Record,N/A
2022-12-01,Cloud Services,969440.16,428031.86,335806.06,763837.92,205602.25,735250.58,281645.98,5447373.69,900000,232632.09,986804.89,740103.67,55.84752131580768,21.20834874428969,0.7584280189093878,7.131583215978594,0.1652172314985792,932243.28,901211.13,708021.6,224221.69,24.051842991026977,3.990040024745478,7.883420505815075,-8.304031603722194,895748.9366666666,699656.87,0,1,0,-0.1349,Normal,,,,,,,,,,,,,,,,,Historical Record,N/A
2022-12-01,Enterprise Solutions,1092219.54,453064.28,414554.88,867619.16,224600.38,964491.26,322270.16,6695255.02,900000,188236.2,1094663.92,820997.94,58.518936586686586,20.563666165503687,0.8830562214625824,7.716813238656462,0.1344235577751002,1041458.92,1037480.28,872934.02,168524.91,16.181618570226465,4.87399157328261,-0.6088501396703472,33.27429161659248,996662.11,838237.37,0,1,0,-0.1671,Normal,,,,,,,,,,,,,,,,,Historical Record,N/A
2022-12-01,Retail & E-commerce,633088.9,290464.78,238756.6,529221.38,103867.51,471245.98,203361.06,4322762.1,900000,154486.97,616452.09,462339.07,54.11943251571777,16.406465189959892,0.744359883738287,8.168154695488681,0.2082002153206627,580864.53,546962.01,457580.35,123284.18,21.2242568848196,8.990800316211423,15.656491805209738,-15.749522769263669,551207.2466666667,458676.5,0,1,0,-0.0628,Normal,,,,,,,,,,,,,,,,,Historical Record,N/A
2023-01-01,Cloud Services,995250.36,424613.77,378643.28,803257.05,191993.32,861349.18,280906.08,5659789.24,900000,212415.55,1058565.34,793924.01,57.33598428439654,19.29095710148751,0.8654598024963287,7.046049879051793,0.1590165219650476,969440.16,932243.28,763837.92,205602.25,21.20834874428969,2.6623819669282067,5.160666807429504,-6.619056941254287,934298.19,736552.79,0,1,0,-0.1683,Normal,,,,,,,,,,,,,,,,,Historical Record,N/A
2023-01-01,Enterprise Solutions,1168322.38,488004.47,451338.39,939342.86,228979.52,829341.47,337267.22,6805090.22,900000,109835.2,1170786.85,878090.14,58.23032423636359,19.59900143314896,0.709856700682221,7.244522218436834,0.1322539409330564,1092219.54,1041458.92,867619.16,224600.38,20.563666165503687,6.967723723382568,8.266726152059611,1.9497473690827996,1057052.913333333,857136.63,1,1,0,-0.1065,Normal,,,,,,,,,,,,,,,,,Historical Record,N/A
2023-01-01,Retail & E-commerce,682556.42,291631.98,261491.68,553123.66,129432.76,550992.65,204193.19,4344317.83,900000,21555.73,657359.85,493019.89,57.273571611852994,18.96293935672013,0.8072485055521125,7.854152957405582,0.2071671629973721,633088.9,580864.53,529221.38,103867.51,16.406465189959892,7.813676720599583,4.516499314521272,24.613327112587942,586971.8133333334,487544.77,0,1,0,-0.1591,Normal,,,,,,,,,,,,,,,,,Historical Record,N/A
2023-02-01,Cloud Services,1118885.7,533272.14,362854.47,896126.61,222759.1,839425.45,350448.07,5765423.71,900000,105634.47,1115658.09,836743.57,52.33899762951658,19.909013047534703,0.7502334242005237,6.433715554992838,0.1561030108574622,995250.36,969440.16,803257.05,191993.32,19.29095710148751,12.4225365766258,11.561624015624885,16.024401265627365,965644.6,758372.1900000001,1,1,0,-0.066,Normal,,,,,,,,,,,,,,,,,Historical Record,N/A
2023-02-01,Enterprise Solutions,1190374.38,564179.96,464233.59,1028413.55,161960.83,974385.18,407568.41,6839435.87,900000,34345.65,1230274.26,922705.7,52.60483008715292,13.60587330516976,0.8185535545548285,6.650472341598377,0.1315898002564354,1168322.38,1092219.54,939342.86,228979.52,19.59900143314896,1.8874927312442669,9.482234207858898,-29.26842103608218,1100666.9466666663,893298.68,0,1,0,-0.1177,Normal,,,,,,,,,,,,,,,,,Historical Record,N/A
2023-02-01,Retail & E-commerce,715679.1,304595.87,259145.54,563741.41,151937.7,502914.44,222682.85,4410644.64,900000,66326.8,688706.36,516529.77,57.43960246987791,21.229864054993364,0.7027094126403859,7.8238791079761185,0.2040518049987359,682556.42,633088.9,553123.66,129432.76,18.96293935672013,4.852738767001852,1.919597870754619,17.38736004702366,632169.9500000001,513308.4633333332,0,1,0,-0.1306,Normal,,,,,,,,,,,,,,,,,Historical Record,N/A
2023-03-01,Cloud Services,1120212.58,507672.43,412864.96,920537.39,199675.19,849861.06,319764.17,5786225.7,900000,20801.98,1145488.82,859116.61,54.68070622809825,17.824758761412944,0.758660521380683,6.285704158089657,0.1555418068119949,1118885.7,995250.36,896126.61,222759.1,19.909013047534703,0.1185894144504873,2.7240324891144585,-10.36272367773079,1027858.74,821073.86,0,1,0,-0.171,Normal,,,,,,,,,,,,,,,,,Historical Record,N/A
2023-03-01,Enterprise Solutions,1263056.76,528463.84,389308.95,917772.79,345283.97,1104002.79,326577.44,7060143.63,900000,220707.75,1259425.05,944568.79,58.15992940808139,27.33716970882607,0.8740721913399997,7.692692251205225,0.1274761601415182,1190374.38,1168322.38,1028413.55,161960.83,13.60587330516976,6.10584209650078,-10.75839189400023,113.18980027454786,1150305.433333333,945125.19,0,1,0,-0.0346,Normal,,,,,,,,,,,,,,,,,Historical Record,N/A
2023-03-01,Retail & E-commerce,704974.17,317623.98,241535.31,559159.29,145814.88,551406.92,217414.79,4552009.53,900000,141364.89,702928.73,527196.55,54.9453024640605,20.68371951840448,0.78216613241305,8.140809982786838,0.1977148760494796,715679.1,682556.42,563741.41,151937.7,21.229864054993364,-1.4957723370711773,-0.81280528957417,-4.029822749719136,677108.14,548695.4833333333,0,1,0,-0.1702,Normal,,,,,,,,,,,,,,,,,Historical Record,N/A
2023-04-01,Cloud Services,1145096.71,535175.45,391620.73,926796.18,218300.53,827081.72,375186.93,5839850.75,900000,53625.06,1142594.54,856945.91,53.26373350596737,19.06393827644479,0.7222811075930871,6.301116551861488,0.1541135276445207,1120212.58,1118885.7,920537.39,199675.19,17.824758761412944,2.221375696387895,0.6799061144056262,9.327818844193914,1078116.2133333331,873307.0166666666,0,1,0,-0.1479,Normal,,,,,,,,,,,,,,,,,Historical Record,N/A
2023-04-01,Enterprise Solutions,1306889.86,556081.9,463254.76,1019336.66,287553.21,1116039.24,331753.95,7477769.6,900000,417625.97,1252518.85,939389.14,57.449979755753866,22.00286487799362,0.8539657963219639,7.335917458320393,0.1203567438076722,1263056.76,1190374.38,917772.79,345283.97,27.33716970882607,3.4703982741044914,11.066341376278976,-16.71979153854144,1207251.173333333,961843.0666666668,1,1,0,-0.1267,Normal,,,,,,,,,,,,,,,,,Historical Record,N/A
2023-04-01,Retail & E-commerce,696739.55,281904.1,242806.09,524710.18,172029.36,642342.34,174832.13,4631988.71,900000,79979.19,696995.63,522746.72,59.53952951285743,24.69062650455252,0.9219260482629412,8.827708869684974,0.1943009917224085,704974.17,715679.1,559159.29,145814.88,20.68371951840448,-1.1680740019169744,-6.160875910690844,17.977918302988005,701069.8966666666,558674.7866666666,0,1,0,-0.1381,Normal,,,,,,,,,,,,,,,,,Historical Record,N/A
2023-05-01,Cloud Services,1133884.78,456834.05,366941.53,823775.58,310109.2,895807.64,259266.36,6206303.92,900000,366453.17,1110298.42,832723.82,59.71071681551277,27.34926912062441,0.790034098526307,7.533974143783189,0.1450138458575519,1145096.71,1120212.58,926796.18,218300.53,19.06393827644479,-0.9791251605290152,-11.115777365418156,42.05609120600853,1128064.9966666668,914486.7266666668,0,1,0,-0.0509,Normal,,,,,,,,,,,,,,,,,Historical Record,N/A
2023-05-01,Enterprise Solutions,1216503.17,577991.57,464654.79,1042646.37,173856.8,958212.73,406581.04,7592029.66,900000,114260.06,1213507.6,910130.7,52.48745878730428,14.291520506272088,0.7876779556604033,7.2815001120658,0.1185453745974959,1306889.86,1263056.76,1019336.66,287553.21,22.00286487799362,-6.916167365473336,2.2867528378700763,-39.53925953391375,1253440.3333333333,988507.6666666666,0,1,0,-0.1115,Normal,,,,,,,,,,,,,,,,,Historical Record,N/A
2023-05-01,Retail & E-commerce,656671.53,267087.06,320694.57,504638.59,152032.94,832430.34,184623.51,4672442.43,900000,40453.71,673279.05,504959.28,59.32714488170364,23.152052899263044,1.267651027904316,9.258987565734914,0.1926187456524745,696739.55,704974.17,524710.18,172029.36,24.69062650455252,-5.750788799056982,-3.825271695700672,-11.623841418697356,705797.6066666668,549203.6266666666,1,1,0,-0.001,Normal,,,,,,,,,,,,,,,,,Historical Record,N/A
2023-06-01,Cloud Services,1033050.69,450178.91,368399.86,818578.76,214471.93,960580.11,292342.89,6448122.27,900000,241818.35,1060020.76,795015.57,56.422379428448,20.76102674109825,0.9298479922606704,7.877216689570591,0.1395755170752989,1133884.78,1145096.71,823775.58,310109.2,27.34926912062441,-8.892798613982633,-0.6308538546384135,-30.839868665618443,1133064.69,890369.7166666668,1,1,0,-0.1222,Normal,,,,,,,,,,,,,,,,,Historical Record,N/A
2023-06-01,Enterprise Solutions,1139683.57,494290.52,422199.43,916489.95,223193.62,829254.88,306917.06,7771344.37,900000,179314.7,1155121.86,866341.4,56.62914400003152,19.583823604651947,0.727618526605591,8.479464908480448,0.1158100783018061,1216503.17,1306889.86,1042646.37,173856.8,14.291520506272088,-6.3147883124710535,-12.099636428024974,28.37784889633308,1262149.93,993251.94,0,1,0,-0.085,Normal,,,,,,,,,,,,,,,,,Historical Record,N/A
2023-06-01,Retail & E-commerce,611221.02,284232.42,337131.2,533959.24,77261.78,760164.8,177716.87,4761693.92,900000,89251.49,638979.92,479234.94,53.49760386185671,12.640563310469918,1.243682358960757,8.917710497902425,0.1890083686857386,656671.53,696739.55,504638.59,152032.94,23.152052899263044,-6.921346201806555,5.810227473883822,-49.18089461402246,686128.4166666666,529502.6866666666,0,-1,1,0.0256,Abnormal Receivables Surge,,,,,,,,,,,,,,,,,Historical Record,N/A
2023-07-01,Cloud Services,1010851.99,435121.1,395097.61,830218.71,180633.28,911264.22,308068.39,6611669.61,900000,163547.35,1008376.55,756282.41,56.95501376022418,17.86940934844477,0.9014813533680632,7.963768499025998,0.1361229542744801,1033050.69,1133884.78,818578.76,214471.93,20.76102674109825,-2.1488490559935625,1.4219706848977998,-15.777659109049836,1104010.7266666668,856383.5066666667,1,1,0,-0.1611,Normal,,,,,,,,,,,,,,,,,Historical Record,N/A
2023-07-01,Enterprise Solutions,1094446.87,471428.76,408009.85,879438.61,215008.26,1026033.32,333426.95,7885563.86,900000,114219.5,1095586.88,821690.16,56.92538642830603,19.6453812326221,0.9374902958971412,8.966588196531422,0.1141326119448863,1139683.57,1216503.17,916489.95,223193.62,19.583823604651947,-3.969233319736276,-4.042743731123288,-3.6673808149175535,1221025.5333333334,992824.3266666668,1,1,0,-0.1557,Normal,,,,,,,,,,,,,,,,,Historical Record,N/A
2023-07-01,Retail & E-commerce,619792.07,253430.37,301712.85,476921.38,142870.7,709061.48,142240.5,4827412.97,900000,65719.05,604244.98,453183.73,59.11042069318505,23.05139205798487,1.1440312232455636,10.122030951935937,0.1864352616179841,611221.02,656671.53,533959.24,77261.78,12.640563310469918,1.4022832526276563,-10.682062548444703,84.91769151577924,654877.3666666667,521102.6699999999,1,1,0,-0.0083,Normal,,,,,,,,,,,,,,,,,Historical Record,N/A
2023-08-01,Cloud Services,938125.77,427406.43,359264.67,786671.1,151454.68,807016.15,305380.23,6624219.21,900000,12549.6,972793.59,729595.19,54.440391292097225,16.14438968028775,0.8602430247705486,8.420570184922264,0.1358650689942973,1010851.99,1033050.69,830218.71,180633.28,17.86940934844477,-7.194546849534323,-5.245317827154238,-16.153501724599153,1059262.4866666666,824191.0166666666,1,1,0,-0.1326,Normal,,,,,,,,,,,,,,,,,Historical Record,N/A
2023-08-01,Enterprise Solutions,1052229.59,472527.8,400753.15,873280.95,178948.64,797503.66,348983.69,8054743.72,900000,169179.86,1053793.32,790344.99,55.09270937723771,17.00661544787008,0.7579179178947059,9.223542228878348,0.1117353985782678,1094446.87,1139683.57,879438.61,215008.26,19.6453812326221,-3.857407897744736,-0.7001807664550941,-16.771271950203214,1150211.2033333334,946191.6433333332,0,1,0,-0.1488,Normal,,,,,,,,,,,,,,,,,Historical Record,N/A
2023-08-01,Retail & E-commerce,588495.02,280696.71,225558.25,506254.95,82240.07,539738.08,166935.71,4799783.95,900000,-27629.02,579466.7,434600.02,52.30261931528324,13.974641620586697,0.91714978318763,9.480962013309696,0.1875084398330053,619792.07,611221.02,476921.38,142870.7,23.05139205798487,-5.04960478116474,6.150609142328656,-42.43741368944088,629228.2066666667,505173.0699999999,0,1,0,-0.1012,Normal,,,,,,,,,,,,,,,,,Historical Record,N/A
2023-09-01,Cloud Services,966078.43,433286.4,366131.46,799417.87,166660.56,797634.46,272854.57,6710119.51,900000,85900.3,966804.31,725103.23,55.14997679846759,17.251245325910027,0.8256415164967505,8.393757209855716,0.1341257780369995,938125.77,1010851.99,786671.1,151454.68,16.14438968028775,2.979628200598317,1.6203429870501165,10.039887839715478,994009.4833333334,811822.8566666666,0,1,0,-0.1603,Normal,,,,,,,,,,,,,,,,,Historical Record,N/A
2023-09-01,Enterprise Solutions,1024222.83,427755.29,388118.63,815873.92,208348.91,806607.55,240213.91,8258546.0,900000,203802.28,1044200.68,783150.51,58.23611059323879,20.342146640101745,0.7875313128882316,10.122331156264927,0.1089780210705371,1052229.59,1094446.87,873280.95,178948.64,17.00661544787008,-2.661658659494659,-6.573718343449486,16.429445901349116,1095453.3433333335,889736.5033333333,0,1,0,-0.148,Normal,,,,,,,,,,,,,,,,,Historical Record,N/A
2023-09-01,Retail & E-commerce,576333.31,233935.84,236523.75,470459.59,105873.72,478803.0,158112.49,4874360.96,900000,74577.01,572484.63,429363.47,59.40962704376744,18.37022399416754,0.8307744697248194,10.360849398351087,0.184639588119465,588495.02,619792.07,506254.95,82240.07,13.974641620586697,-2.066578235445382,-7.07061926011785,28.73739042294101,606502.7033333333,505711.8566666665,0,1,0,-0.1395,Normal,,,,,,,,,,,,,,,,,Historical Record,N/A
2023-10-01,Cloud Services,1011456.8,439578.95,360268.18,799847.13,211609.67,819156.53,251058.02,6953709.37,900000,243589.86,996280.72,747210.54,56.54001732945984,20.92127612370593,0.8098779206388251,8.693797988623151,0.1294273246280352,966078.43,938125.77,799417.87,166660.56,17.251245325910027,4.6971724645585855,0.0536965729825311,26.9704541974418,971685.3966666666,805435.8933333332,0,1,0,-0.1653,Normal,,,,,,,,,,,,,,,,,Historical Record,N/A
2023-10-01,Enterprise Solutions,1118566.47,509710.21,403950.87,913661.08,204905.39,845759.45,303157.04,8440180.74,900000,181634.74,1072846.96,804635.22,54.43183541877489,18.318570732770134,0.7561101397934805,9.237758863494546,0.1066327875817503,1024222.83,1052229.59,815873.92,208348.91,20.342146640101745,9.211241659200288,11.985572476688544,-1.6527660259897603,1056966.43,856197.8266666667,1,1,0,-0.0828,Normal,,,,,,,,,,,,,,,,,Historical Record,N/A
2023-10-01,Retail & E-commerce,601788.1,242903.17,233701.89,476605.06,125183.04,555189.21,155732.84,4976872.31,900000,102511.35,586441.16,439830.87,59.63642850365435,20.801847028879436,0.922565949708876,10.442340477879103,0.1808364659450143,576333.31,588495.02,470459.59,105873.72,18.37022399416754,4.416678605649205,1.306269471518262,18.238067010396897,594873.4666666667,484545.3066666666,1,1,0,-0.1305,Normal,,,,,,,,,,,,,,,,,Historical Record,N/A
2023-11-01,Cloud Services,1106227.12,455944.77,375681.23,831626.0,274601.12,901519.91,256073.52,7358440.87,900000,404731.5,1057656.85,793242.64,58.78380110587056,24.82321351875734,0.8149501071714821,8.848257353666192,0.1223085183261111,1011456.8,966078.43,799847.13,211609.67,20.92127612370593,9.369685388441717,3.973117963178785,29.76775588752629,971887.0,795312.0333333333,0,1,0,-0.1116,Normal,,,,,,,,,,,,,,,,,Historical Record,N/A
2023-11-01,Enterprise Solutions,1114687.85,525129.27,451315.52,976444.79,138243.06,1005870.93,357638.45,8468432.92,900000,28252.17,1135563.66,851672.75,52.89001580128464,12.40195270810568,0.9023790202790852,8.672720676813688,0.106277041868568,1118566.47,1024222.83,913661.08,204905.39,18.318570732770134,-0.3467491744142736,6.8716629584353095,-32.53322423582904,1065006.2966666666,867605.3166666668,0,1,0,-0.1057,Normal,,,,,,,,,,,,,,,,,Historical Record,N/A
2023-11-01,Retail & E-commerce,579444.93,258833.7,222713.48,481547.18,97897.76,548475.16,178500.09,5013096.78,900000,36224.47,618877.9,464158.42,55.33075075831624,16.89509303325857,0.946552694835038,10.410395882704575,0.1795297476782405,601788.1,576333.31,476605.06,125183.04,20.801847028879436,-3.7127969130662297,1.0369424109764935,-21.79630723139493,588872.1433333334,484439.8666666665,1,1,0,-0.1175,Normal,,,,,,,,,,,,,,,,,Historical Record,N/A
2023-12-01,Cloud Services,1119414.57,458636.23,365002.26,823638.49,295776.08,977294.07,257963.78,7559581.84,900000,201140.97,1138668.86,854001.65,59.02892080455948,26.422389696071225,0.873040333930976,9.17827655188868,0.1190542041939187,1106227.12,1011456.8,831626.0,274601.12,24.82321351875734,1.1921105315154443,-0.9604690089054512,7.711170296756253,1027920.7833333332,810297.0,0,1,0,-0.1173,Normal,1119414.57,1082292.8,1106227.12,-37121.82,-3.32,823638.49,824522.9,831626.0,884.39,0.11,295776.08,276694.78,274601.12,-19081.3,-6.45,34.8,Low Risk,CashBufferRatio
2023-12-01,Enterprise Solutions,1168480.52,535016.39,408215.79,943232.18,225248.34,882256.31,367369.94,8741600.42,900000,273167.5,1218918.87,914189.15,54.21263933437247,19.277029967089224,0.7550458008491233,9.267707999529872,0.1029559756518818,1114687.85,1118566.47,976444.79,138243.06,12.40195270810568,4.825805717717291,-3.40138124962498,62.93645409758726,1085825.7166666668,901993.2633333332,0,1,0,-0.1419,Normal,1168480.52,1157640.5,1114687.85,-10840.02,-0.93,943232.18,887740.75,976444.79,-55491.49,-5.88,225248.34,210452.31,138243.06,-14796.01,-6.57,50.5,Moderate Risk,DebtToCashRatio
2023-12-01,Retail & E-commerce,644479.59,304757.75,260367.02,565124.77,79354.82,568063.56,205005.37,5099101.91,900000,86005.12,662331.02,496748.27,52.71258318669177,12.31300746079484,0.8814298680893837,9.022966574266423,0.1765016694871274,579444.93,601788.1,481547.18,97897.76,16.89509303325857,11.223613605524152,17.356054291502666,-18.94112796860724,585855.4466666667,476203.9433333332,0,-1,1,0.0028,Multivariate Outlier,644479.59,624205.06,579444.93,-20274.53,-3.15,565124.77,526156.44,481547.18,-38968.33,-6.9,79354.82,73224.62,97897.76,-6130.2,-7.73,42.9,Moderate Risk,CashBufferRatio
2024-01-01,Cloud Services,1237484.1,525312.36,424399.83,949712.19,287771.92,998056.73,302654.55,7912059.19,900000,352477.35,1221472.86,916104.65,57.54997094508124,23.2545953519726,0.8065208514598288,8.331007302328088,0.1137504129313774,1119414.57,1106227.12,823638.49,295776.08,26.422389696071225,10.547435522480296,15.306921851114552,-2.706155278006261,1079032.83,818370.54,0,1,0,-0.0699,Normal,1237484.1,1154548.9,1119414.57,-82935.23,-6.7,949712.19,900506.4,823638.49,-49205.81,-5.18,287771.92,264443.75,295776.08,-23328.17,-8.11,39.4,Low Risk,OperatingMarginPct
2024-01-01,Enterprise Solutions,1051884.01,653534.8,461570.23,1115105.03,287406.98,1180119.88,394346.59,8689730.79,900000,-51869.63,1303682.49,977761.87,37.87006991388717,27.3230676830994,1.1219106562899457,7.792746473397218,0.103570527298234,1168480.52,1114687.85,943232.18,225248.34,19.277029967089224,-9.978472726271892,18.221690655210686,27.595604034196207,1133911.6133333333,944446.0166666668,0,-1,1,0.1138,Abnormal Receivables Surge,1051884.01,1124475.4,1168480.52,72591.36,6.9,1115105.03,991476.2,943232.18,-123628.91,-11.09,287406.98,283463.0,225248.34,-3943.98,-1.37,46.2,Moderate Risk,ReceivablesToRevenueRatio
2024-01-01,Retail & E-commerce,731273.88,350267.09,242900.6,593167.69,138106.19,581525.6,260592.72,5267741.31,900000,168639.41,706283.31,529712.48,52.10179119210439,18.88569984203456,0.7952227146414692,8.880694951540601,0.1708512144078692,644479.59,579444.93,565124.77,79354.82,12.31300746079484,13.467345024844011,4.96225284904781,74.03629672400491,608570.8733333334,507759.0033333333,0,1,0,-0.1025,Normal,731273.88,699067.44,644479.59,-32206.44,-4.4,593167.69,586977.8,565124.77,-6189.88,-1.04,138106.19,128285.84,79354.82,-9820.35,-7.11,13.7,Low Risk,DebtToCashRatio
2024-02-01,Cloud Services,1267767.09,549108.44,444893.02,994001.46,273765.63,1131261.82,303221.11,8128808.65,900000,216749.46,1287351.88,965513.91,56.68696211383749,21.59431587705909,0.8923262237387783,8.1778638936808,0.1107173312537009,1237484.1,1119414.57,949712.19,287771.92,23.2545953519726,2.447141745093928,4.6634412473951725,-4.867149651015279,1154375.2633333334,868325.56,0,1,0,-0.1685,Normal,1267767.09,1257462.5,1237484.1,-10304.59,-0.81,994001.46,970550.0,949712.19,-23451.46,-2.36,273765.63,233289.16,287771.92,-40476.47,-14.79,26.8,Low Risk,ReceivablesToRevenueRatio
2024-02-01,Enterprise Solutions,1052731.65,639776.91,486927.22,1126704.13,276938.07,1246685.75,372171.68,8749139.47,900000,59408.68,1369922.29,1027441.72,39.2269710899259,26.306615745807587,1.184238879870288,7.765250199269263,0.1028672594700333,1051884.01,1168480.52,1115105.03,287406.98,27.3230676830994,0.0805830293018505,1.0401800447442875,-3.6425385354245674,1111684.1266666667,1011594.0,0,1,0,-0.0113,Normal,1052731.65,1070354.6,1051884.01,17622.98,1.67,1126704.13,927701.4,1115105.03,-199002.75,-17.66,276938.07,281491.5,287406.98,4553.43,1.64,48.2,Moderate Risk,ReceivablesToRevenueRatio
2024-02-01,Retail & E-commerce,704568.24,285004.93,268619.98,553624.9,150943.34,669290.1,213561.99,5398265.85,900000,130524.54,739962.75,554972.07,59.54899556641952,21.42352314943972,0.9499294206051638,9.750764190700236,0.1667202070087007,731273.88,644479.59,593167.69,138106.19,18.88569984203456,-3.651934074275976,-6.666376248510764,9.295130073460143,651732.7999999999,546613.2133333333,0,1,0,-0.1325,Normal,704568.24,704186.2,731273.88,-382.05,-0.05,553624.9,543532.25,593167.69,-10092.65,-1.82,150943.34,142872.39,138106.19,-8070.95,-5.35,85.4,High Risk,ReceivablesToRevenueRatio
2024-03-01,Cloud Services,1300113.05,575722.31,389354.11,965076.42,335036.63,988476.42,429013.73,8434844.01,900000,306035.37,1321773.39,991330.04,55.71751933418405,25.769807479434192,0.7603003600340755,8.740078853030104,0.1067002541994846,1267767.09,1237484.1,994001.46,273765.63,21.59431587705909,2.551411868563336,-2.9099595085101737,22.380822603626328,1208221.9200000002,922450.7133333334,0,1,0,-0.1134,Normal,1300113.05,1248877.6,1267767.09,-51235.43,-3.94,965076.42,912384.4,994001.46,-52691.98,-5.46,335036.63,302046.03,273765.63,-32990.6,-9.85,21.7,Low Risk,OperatingMarginPct
2024-03-01,Enterprise Solutions,1395351.07,595549.11,470824.36,1066373.47,328977.61,1262083.54,426667.36,8931320.4,900000,182180.92,1402381.98,1051786.48,57.3190487466355,23.576690990031636,0.904491756329108,8.375415041036234,0.1007689747643584,1052731.65,1051884.01,1126704.13,276938.07,26.306615745807587,32.545750856830445,-5.354614258847168,18.791038732955712,1091032.0599999998,1061680.4466666663,0,-1,1,0.0291,Multivariate Outlier,1395351.07,1128044.0,1052731.65,-267307.07,-19.16,1066373.47,845773.6,1126704.13,-220599.84,-20.69,328977.61,268176.5,276938.07,-60801.11,-18.48,29.1,Low Risk,OperatingMarginPct
2024-03-01,Retail & E-commerce,745046.34,324872.64,256511.78,581384.42,163661.93,634439.49,193535.91,5569181.57,900000,170915.72,755243.62,566432.71,56.39564647750635,21.96667793844877,0.8515436637135886,9.579172365850464,0.1616036375700352,704568.24,731273.88,553624.9,150943.34,21.42352314943972,5.745092909666205,5.014138634299137,8.426069013710702,693440.57,570639.1199999999,0,1,0,-0.1416,Normal,745046.34,705457.4,704568.24,-39588.96,-5.31,581384.42,612146.56,553624.9,30762.14,5.29,163661.93,156501.19,150943.34,-7160.74,-4.38,34.7,Low Risk,DebtToCashRatio
2024-04-01,Cloud Services,1279113.81,567717.73,433828.62,1001546.35,277567.46,926744.36,367681.38,8610308.2,900000,175464.19,1318433.7,988825.27,55.61632392976822,21.699981489528287,0.72452064292856,8.59701420708088,0.10452587515973,1300113.05,1267767.09,965076.42,335036.63,25.769807479434192,-1.615185694813226,3.77896809456808,-17.153100543065992,1268454.7466666668,969596.69,0,1,0,-0.1452,Normal,1279113.81,1160417.5,1300113.05,-118696.31,-9.28,1001546.35,971047.7,965076.42,-30498.66,-3.05,277567.46,259302.69,335036.63,-18264.79,-6.58,45.1,Moderate Risk,DebtToCashRatio
2024-04-01,Enterprise Solutions,1402687.59,631973.99,459019.64,1090993.63,311693.96,1171239.01,446154.1,9266629.7,900000,335309.3,1394691.86,1046018.89,54.94549217477571,22.221196096844345,0.8349963444105183,8.493752342073712,0.0971226896009452,1395351.07,1052731.65,1066373.47,328977.61,23.576690990031636,0.5257830919927597,2.308774617207976,-5.253746599958575,1166655.5766666664,1102727.5433333332,0,1,0,-0.1772,Normal,1402687.59,1227619.5,1395351.07,-175068.09,-12.48,1090993.63,970970.4,1066373.47,-120023.19,-11.0,311693.96,267051.8,328977.61,-44642.15,-14.32,20.7,Low Risk,DebtToCashRatio
2024-04-01,Retail & E-commerce,756334.74,334016.04,269212.44,603228.48,153106.25,690567.93,220577.97,5765260.33,900000,196078.75,748868.95,561651.71,55.83753828364409,20.24318623788192,0.9130453666586836,9.55734107580597,0.1561074346143186,745046.34,704568.24,581384.42,163661.93,21.96667793844877,1.5151272335624189,3.757248947262792,-6.449685641615,726962.82,576059.0033333333,0,1,0,-0.1524,Normal,756334.74,759130.56,745046.34,2795.82,0.37,603228.48,610434.4,581384.42,7205.9,1.19,153106.25,151578.8,163661.93,-1527.45,-1.0,54.9,Moderate Risk,CashBufferRatio
2024-05-01,Cloud Services,1274520.19,548134.25,421188.6,969322.86,305197.34,1142293.99,399270.27,8950363.95,900000,340055.75,1281167.38,960875.53,56.99289392975406,23.946057692503093,0.8962541346638063,9.233625161795937,0.100554570185942,1279113.81,1300113.05,1001546.35,277567.46,21.699981489528287,-0.3591251977804965,-3.217373814002711,9.954293633698995,1282331.316666667,986874.7433333332,0,1,0,-0.163,Normal,1274520.19,1206431.5,1279113.81,-68088.69,-5.34,969322.86,912756.75,1001546.35,-56566.11,-5.84,305197.34,268867.4,277567.46,-36329.93,-11.9,40.8,Moderate Risk,OperatingMarginPct
2024-05-01,Enterprise Solutions,1347389.41,607146.81,475812.77,1082959.57,264429.83,1258875.52,417460.27,9403311.84,900000,136682.14,1351252.46,1013439.34,54.93902464321728,19.62534572688975,0.9343071206118504,8.68297589355067,0.0957109596399389,1402687.59,1395351.07,1090993.63,311693.96,22.221196096844345,-3.94230193481645,-0.7363984334170515,-15.16363358468672,1283590.1033333333,1094690.41,0,1,0,-0.1612,Normal,1347389.41,1198641.8,1402687.59,-148747.66,-11.04,1082959.57,916134.75,1090993.63,-166824.88,-15.4,264429.83,222982.9,311693.96,-41446.94,-15.67,26.4,Low Risk,DebtToCashRatio
2024-05-01,Retail & E-commerce,737392.98,336491.87,243436.62,579928.49,157464.49,518856.37,208664.5,5889900.69,900000,124640.36,723387.28,542540.46,54.36736189161985,21.354216038237848,0.7036361669730027,10.156253385654498,0.1528039346279707,756334.74,745046.34,603228.48,153106.25,20.24318623788192,-2.504414910255215,-3.8625480680222535,2.8465461076866427,735316.44,579412.6,1,1,0,-0.1218,Normal,737392.98,721528.94,756334.74,-15864.04,-2.15,579928.49,596921.56,603228.48,16993.07,2.93,157464.49,149081.28,153106.25,-8383.21,-5.32,56.9,Moderate Risk,DebtToCashRatio
2024-06-01,Cloud Services,1265069.43,550315.64,418273.57,968589.21,296480.22,897701.6,401924.35,9178124.91,900000,227760.96,1223152.25,917364.19,56.49917491089796,23.43588525413977,0.7096065865728809,9.47576621259285,0.0980592450882214,1274520.19,1279113.81,969322.86,305197.34,23.946057692503093,-0.7415151265669606,-0.0756868562864609,-2.856224107326777,1284582.35,978648.5433333332,0,1,0,-0.1259,Normal,1265069.43,1148472.6,1274520.19,-116596.8,-9.22,968589.21,930689.8,969322.86,-37899.33,-3.91,296480.22,266546.6,305197.34,-29933.63,-10.1,57.8,Moderate Risk,CashBufferRatio
2024-06-01,Enterprise Solutions,1291370.29,552281.17,441780.25,994061.41,297308.88,1185328.39,411282.57,9780539.88,900000,377228.04,1286239.37,964679.53,57.23293510182892,23.022744312942184,0.9178842034533718,9.83896948579867,0.0920194601772842,1347389.41,1402687.59,1082959.57,264429.83,19.62534572688975,-4.157604296444628,-8.208816142600783,12.433941359792875,1381809.3566666667,1080108.89,0,1,0,-0.1175,Normal,1291370.29,1196871.9,1347389.41,-94498.42,-7.32,994061.41,912153.6,1082959.57,-81907.79,-8.24,297308.88,263835.84,264429.83,-33473.04,-11.26,57.3,Moderate Risk,CashBufferRatio
2024-06-01,Retail & E-commerce,680986.75,300396.3,258543.29,558939.6,122047.16,582598.93,217028.14,5908038.84,900000,18138.15,686535.47,514901.61,55.888084459793085,17.92210494550738,0.8555216823234814,10.570084567277036,0.1523348143730213,737392.98,756334.74,579928.49,157464.49,21.354216038237848,-7.649412393375377,-3.6192203628416353,-22.492264763947723,746258.02,588180.4633333333,1,1,0,-0.1171,Normal,680986.75,688954.9,737392.98,7968.12,1.17,558939.6,594189.6,579928.49,35250.03,6.31,122047.16,122480.36,157464.49,433.2,0.35,73.1,High Risk,RevenueGrowthMoM
2024-07-01,Cloud Services,1189464.46,536369.46,405080.57,941450.03,248014.42,986782.1,311112.42,9444960.22,900000,266835.31,1163560.27,872670.21,54.90664260788422,20.85093151921496,0.829602004249879,10.0323542610116,0.0952889137737416,1265069.43,1274520.19,968589.21,296480.22,23.43588525413977,-5.976349456171748,-2.801928797038733,-16.3470601849931,1272901.1433333333,979819.4733333332,0,1,0,-0.1476,Normal,1189464.46,1194594.9,1265069.43,5130.42,0.43,941450.03,914395.2,968589.21,-27054.84,-2.87,248014.42,224005.06,296480.22,-24009.36,-9.68,44.3,Moderate Risk,DebtToCashRatio
2024-07-01,Enterprise Solutions,1277242.26,580715.6,440208.29,1020923.89,256318.37,1212461.97,368891.61,9867445.75,900000,86905.86,1219946.59,914959.94,54.53363718171994,20.06810908370664,0.9492811254146885,9.665211918980562,0.0912090142476841,1291370.29,1347389.41,994061.41,297308.88,23.022744312942184,-1.094033997018784,2.7022958269751207,-13.787179851472986,1347149.096666667,1056004.87,0,1,0,-0.1453,Normal,1277242.26,1209433.0,1291370.29,-67809.26,-5.31,1020923.89,972298.75,994061.41,-48625.2,-4.76,256318.37,225228.23,297308.88,-31090.12,-12.13,69.5,Moderate Risk,ReceivablesToRevenueRatio
2024-07-01,Retail & E-commerce,616039.54,269043.48,252767.0,521810.48,94229.07,481858.68,182056.39,5961302.36,900000,53263.53,649215.41,486911.55,56.32691369128678,15.29594512715856,0.7821879095617791,11.42426721671056,0.1509737211182155,680986.75,737392.98,558939.6,122047.16,17.92210494550738,-9.537220804956911,-6.642778575717301,-22.79290235020625,724904.8233333334,580698.8566666666,0,1,0,-0.0412,Normal,616039.54,628868.5,680986.75,12828.96,2.08,521810.48,557638.4,558939.6,35827.9,6.87,94229.07,101866.57,122047.16,7637.5,8.11,47.4,Moderate Risk,DebtToCashRatio
2024-08-01,Cloud Services,1114790.29,453478.14,399709.21,853187.35,261602.93,800212.28,250511.16,9743538.12,900000,298577.9,1122501.3,841875.97,59.321663987582816,23.466559795744185,0.7178141818942467,11.420162429740666,0.0923689104425651,1189464.46,1265069.43,941450.03,248014.42,20.85093151921496,-6.277965631692761,-9.375184788086957,5.478919330577625,1243018.0266666666,959787.3666666666,0,1,0,-0.0351,Normal,1114790.29,1114636.4,1189464.46,-153.92,-0.01,853187.35,897039.5,941450.03,43852.15,5.14,261602.93,260126.52,248014.42,-1476.41,-0.56,48.0,Moderate Risk,DebtToCashRatio
2024-08-01,Enterprise Solutions,1137459.34,462480.14,447705.5,910185.65,227273.7,873926.94,342315.18,9984641.91,900000,117196.16,1173409.06,880056.79,59.34095191481745,19.980819710003875,0.7683148832379361,10.969895987703168,0.0901384354203645,1277242.26,1291370.29,1020923.89,256318.37,20.06810908370664,-10.94411955958926,-10.846865381904223,-11.331482015900765,1305333.9866666666,1032648.29,0,1,0,-0.0233,Normal,1137459.34,1173498.5,1277242.26,36039.16,3.17,910185.65,898308.75,1020923.89,-11876.9,-1.3,227273.7,221565.45,256318.37,-5708.25,-2.51,48.6,Moderate Risk,DebtToCashRatio
2024-08-01,Retail & E-commerce,629440.27,260934.72,240858.88,501793.6,127646.67,515190.82,178351.89,6065843.1,900000,104540.74,622593.02,466944.77,58.54495931758545,20.27939362697592,0.8184904025921316,12.088322967849727,0.1483717902297868,616039.54,680986.75,521810.48,94229.07,15.29594512715856,2.175303552755725,-3.836044074852618,35.4642150240897,678139.7566666667,553559.5233333332,0,1,0,-0.0868,Normal,629440.27,633258.5,616039.54,3818.23,0.61,501793.6,506102.75,521810.48,4309.15,0.86,127646.67,129976.09,94229.07,2329.42,1.82,56.1,Moderate Risk,DebtToCashRatio
2024-09-01,Cloud Services,1070505.07,458150.75,412660.1,870810.86,199694.21,798916.75,267936.58,9804554.45,900000,61016.33,1115590.3,836692.72,57.20237457632966,18.654204972611662,0.7462988942219582,11.259109067610847,0.0917940743345048,1114790.29,1189464.46,853187.35,261602.93,23.466559795744185,-3.9725157634805,2.065608450476919,-23.665147787144434,1189774.7266666666,921075.53,0,1,0,-0.1041,Normal,1070505.07,1076412.4,1114790.29,5907.3,0.55,870810.86,882739.44,853187.35,11928.58,1.37,199694.21,192121.3,261602.93,-7572.91,-3.79,59.1,Moderate Risk,GrossMarginPct
2024-09-01,Enterprise Solutions,1227141.64,529889.03,447319.95,977208.98,249932.66,984576.85,386193.64,10195962.47,900000,211320.57,1162727.56,872045.67,56.819244598366005,20.367058850680024,0.8023335024309012,10.433758467917478,0.0882702346784923,1137459.34,1277242.26,910185.65,227273.7,19.980819710003875,7.884440071501797,7.363698823421338,9.969899728829157,1235357.2966666666,975056.9833333334,1,1,0,-0.112,Normal,1227141.64,1163055.6,1137459.34,-64086.01,-5.22,977208.98,940365.8,910185.65,-36843.1,-3.77,249932.66,227457.7,227273.7,-22474.96,-8.99,40.4,Moderate Risk,CashBufferRatio
2024-09-01,Retail & E-commerce,605306.61,250694.29,215707.24,466401.53,138905.08,493442.74,148227.2,6173236.52,900000,107393.42,615091.32,461318.49,58.5839166699336,22.9478875176995,0.8151946994267913,13.235883938888447,0.1457906232952824,629440.27,616039.54,501793.6,127646.67,20.27939362697592,-3.83414616926242,-7.053113072785299,8.819979400951073,642155.52,527514.5599999999,1,-1,1,0.0006,Multivariate Outlier,605306.61,586496.4,629440.27,-18810.23,-3.11,466401.53,475553.03,501793.6,9151.5,1.96,138905.08,128401.91,127646.67,-10503.17,-7.56,44.1,Moderate Risk,DebtToCashRatio
2024-10-01,Cloud Services,1122643.2,450938.38,401036.14,851974.51,270668.68,868770.0,317390.55,10083468.54,900000,278914.09,1149602.97,862202.23,59.83244008425829,24.10994695376056,0.7738611875972705,11.83541106176991,0.0892550015334306,1070505.07,1114790.29,870810.86,199694.21,18.654204972611662,4.870423453482564,-2.1630816593169238,35.541576293073305,1124919.9400000002,888482.7466666667,0,1,0,-0.0844,Normal,1122643.2,1088235.1,1070505.07,-34408.07,-3.06,851974.51,839376.75,870810.86,-12597.76,-1.48,270668.68,262643.06,199694.21,-8025.62,-2.97,20.4,Low Risk,OperatingMarginPct
2024-10-01,Enterprise Solutions,1149771.84,539413.92,453639.14,993053.06,156718.78,858168.29,390387.14,10330960.44,900000,134997.97,1194625.47,895969.1,53.08513382968224,13.630424276176392,0.746381377717513,10.403231061993806,0.0871167792410983,1227141.64,1137459.34,977208.98,249932.66,20.367058850680024,-6.304879361766247,1.6213604586400754,-37.29559794226173,1213947.7466666666,969439.5066666668,0,1,0,-0.0804,Normal,1149771.84,1198222.9,1227141.64,48451.03,4.21,993053.06,980799.6,977208.98,-12253.5,-1.23,156718.78,168747.3,249932.66,12028.52,7.68,22.7,Low Risk,GrossMarginPct
2024-10-01,Retail & E-commerce,616859.93,289854.02,245371.5,535225.52,81634.4,474500.63,206155.85,6221821.85,900000,48585.33,630086.55,472564.92,53.01137164153295,13.233863318046932,0.769219407718702,11.624673371329528,0.1446521648638975,605306.61,629440.27,466401.53,138905.08,22.9478875176995,1.9086723668852776,14.756381695403098,-41.23008316182533,616928.8066666666,496668.53666666656,0,-1,1,0.0199,Multivariate Outlier,616859.93,586850.0,605306.61,-30009.93,-4.86,535225.52,497275.12,466401.53,-37950.4,-7.09,81634.4,74351.08,138905.08,-7283.31,-8.92,30.2,Low Risk,GrossMarginPct
2024-11-01,Cloud Services,1208610.36,542909.03,443319.43,986228.46,222381.9,1006259.41,303155.1,10339129.64,900000,255661.1,1220424.55,915318.41,55.07989605516869,18.399800908540943,0.8325755291391015,10.483503629574836,0.0870479461364022,1122643.2,1070505.07,851974.51,270668.68,24.10994695376056,7.657567426587564,15.757977313194504,-17.839810649684328,1102646.1866666668,858657.5733333332,0,1,0,-0.0735,Normal,1208610.36,1154548.9,1122643.2,-54061.49,-4.47,986228.46,904176.06,851974.51,-82052.4,-8.32,222381.9,199700.08,270668.68,-22681.82,-10.2,46.7,Moderate Risk,DebtToCashRatio
2024-11-01,Enterprise Solutions,1288842.06,529069.14,449766.98,978836.12,310005.95,1100880.66,375272.69,10557381.58,900000,226421.14,1264461.13,948345.84,58.9500407831197,24.05305968987387,0.854162580634589,10.785647734372532,0.0852484106196339,1149771.84,1227141.64,993053.06,156718.78,13.630424276176392,12.095462348425578,-1.4316395138040283,97.8103390034047,1171457.6066666665,960149.23,0,1,0,-0.0796,Normal,1288842.06,1169352.1,1149771.84,-119489.94,-9.27,978836.12,866230.5,993053.06,-112605.62,-11.5,310005.95,279655.12,156718.78,-30350.83,-9.79,29.3,Low Risk,OperatingMarginPct
2024-11-01,Retail & E-commerce,659450.6,296396.92,235628.42,532025.34,127425.26,584845.46,165192.86,6326174.91,900000,104353.06,664937.37,498703.03,55.05396158559868,19.32294246149749,0.8868677350509652,11.890739847090742,0.1422660632695026,616859.93,605306.61,535225.52,81634.4,13.233863318046932,6.904431286369972,-0.5979124463273089,56.09260311829327,617202.27,501140.21666666656,0,1,0,-0.0748,Normal,659450.6,669421.3,616859.93,9970.71,1.51,532025.34,530667.7,535225.52,-1357.65,-0.26,127425.26,132170.95,81634.4,4745.69,3.72,20.8,Low Risk,ReceivablesToRevenueRatio
